Route_ID,Route_No,Route_Full_Title,Normal_Origin,Normal_Destination,Total_Stops,Puja_Operational_Status,Puja_Terminus_or_Entry,Key_Restricted_Stops,Police_Diverted_Path,Applicable_Hours,Connecting_Puja_Zones,Police_Notification_Ref
BUS_RT_001,1,1 (Mukundapur),Ramnagar,Mukundapur,20,Diverted Corridor,Terminus adjusted to Golf Green / Jadavpur 8B / Ruby Concourse,"Gariahat, Rashbehari Avenue, Ballygunge Phari",Diverted via EM Bypass & Prince Anwar Shah Road Connector,15:00 PM - 04:00 AM (Tritiya to Navami),"South Kolkata, East Kolkata",Kolkata Police Traffic Notification No. TP/47 (Part-B)
BUS_RT_002,1A,1A (Mukundapur),Ramnagar,Mukundapur,20,Diverted Corridor,Terminus adjusted to Golf Green / Jadavpur 8B / Ruby Concourse,"Gariahat, Rashbehari Avenue, Ballygunge Phari",Diverted via EM Bypass & Prince Anwar Shah Road Connector,15:00 PM - 04:00 AM (Tritiya to Navami),"South Kolkata, East Kolkata",Kolkata Police Traffic Notification No. TP/47 (Part-B)
BUS_RT_003,1B,1B (Nayabad),Ramnagar,Nayabad,22,Diverted Corridor,Terminus adjusted to Golf Green / Jadavpur 8B / Ruby Concourse,"Gariahat, Rashbehari Avenue, Ballygunge Phari",Diverted via EM Bypass & Prince Anwar Shah Road Connector,15:00 PM - 04:00 AM (Tritiya to Navami),"South Kolkata, East Kolkata",Kolkata Police Traffic Notification No. TP/47 (Part-B)
BUS_RT_004,3B,3B (Milk Colony),New Alipore,Milk Colony,23,Diverted & Bypassed,Terminus shifted to Rajabazar Tram Depot or APC Roy Road Outer Channel,"College Street (College Square), Amherst Street, MG Road (Mohammad Ali Park), Surya Sen Street",Bypasses College Street via APC Roy Road -> Sealdah Flyover -> Moulali -> AJC Bose Road,15:00 PM - 04:00 AM (Tritiya to Navami),"Central Kolkata, North-East Feeder",Kolkata Police Traffic Notification No. TP/47 (Part-B)
BUS_RT_005,3C/1,3C/1 (Nager Bazar),Anandapur,Nager Bazar,31,Diverted Gateway,Diverted via RG Kar Road / Canal West Road / EM Bypass,"Shyambazar 5-Point Crossing, Bidhan Sarani, Hatibagan, Girish Park, Khanna Crossing",Rerouted via Belgharia Expressway / Jessore Road -> Ultadanga Hudco -> EM Bypass / VIP Road,15:00 PM - 04:00 AM (Tritiya to Navami),"North Kolkata, Dum Dum, Salt Lake Feeder",Kolkata Police Traffic Notification No. TP/47 (Part-B)
BUS_RT_006,3D,3D (Milk Colony),Sakher Bazar,Milk Colony,25,Diverted & Bypassed,Terminus shifted to Rajabazar Tram Depot or APC Roy Road Outer Channel,"College Street (College Square), Amherst Street, MG Road (Mohammad Ali Park), Surya Sen Street",Bypasses College Street via APC Roy Road -> Sealdah Flyover -> Moulali -> AJC Bose Road,15:00 PM - 04:00 AM (Tritiya to Navami),"Central Kolkata, North-East Feeder",Kolkata Police Traffic Notification No. TP/47 (Part-B)
BUS_RT_007,12,12 (Rajabazar),Badartala,Rajabazar,23,Diverted & Bypassed,Terminus shifted to Rajabazar Tram Depot or APC Roy Road Outer Channel,"College Street (College Square), Amherst Street, MG Road (Mohammad Ali Park), Surya Sen Street",Bypasses College Street via APC Roy Road -> Sealdah Flyover -> Moulali -> AJC Bose Road,15:00 PM - 04:00 AM (Tritiya to Navami),"Central Kolkata, North-East Feeder",Kolkata Police Traffic Notification No. TP/47 (Part-B)
BUS_RT_008,12,12 (Esplanade),Badartala,Esplanade,12,Suburban Feeder / Truncated,Truncated at Baruipur / Amtala / Taratala Outer Terminal,"Diamond Harbour Road inner stretch, Esplanade, Babughat",Vehicles halted at suburban bus terminals; passengers transferred to Sealdah South Local Trains,15:00 PM - 04:00 AM (Tritiya to Navami),"South 24 Parganas, Suburban Feeder",Kolkata Police Traffic Notification No. TP/47 (Part-B)
BUS_RT_009,12/1,12/1 (Rajabazar),Ramnagar,Rajabazar,22,Diverted & Bypassed,Terminus shifted to Rajabazar Tram Depot or APC Roy Road Outer Channel,"College Street (College Square), Amherst Street, MG Road (Mohammad Ali Park), Surya Sen Street",Bypasses College Street via APC Roy Road -> Sealdah Flyover -> Moulali -> AJC Bose Road,15:00 PM - 04:00 AM (Tritiya to Navami),"Central Kolkata, North-East Feeder",Kolkata Police Traffic Notification No. TP/47 (Part-B)
BUS_RT_010,12A,12A (Howrah Station),Badartala,Howrah Station,16,Suburban Feeder / Truncated,Truncated at Baruipur / Amtala / Taratala Outer Terminal,"Diamond Harbour Road inner stretch, Esplanade, Babughat",Vehicles halted at suburban bus terminals; passengers transferred to Sealdah South Local Trains,15:00 PM - 04:00 AM (Tritiya to Navami),"South 24 Parganas, Suburban Feeder",Kolkata Police Traffic Notification No. TP/47 (Part-B)
BUS_RT_011,12AD,12AD (Howrah Station),Akra Fatak,Howrah Station,16,Suburban Feeder / Truncated,Truncated at Baruipur / Amtala / Taratala Outer Terminal,"Diamond Harbour Road inner stretch, Esplanade, Babughat",Vehicles halted at suburban bus terminals; passengers transferred to Sealdah South Local Trains,15:00 PM - 04:00 AM (Tritiya to Navami),"South 24 Parganas, Suburban Feeder",Kolkata Police Traffic Notification No. TP/47 (Part-B)
BUS_RT_012,12B,12B (Esplanade),Kamal Talkies,Esplanade,8,Suburban Feeder / Truncated,Truncated at Baruipur / Amtala / Taratala Outer Terminal,"Diamond Harbour Road inner stretch, Esplanade, Babughat",Vehicles halted at suburban bus terminals; passengers transferred to Sealdah South Local Trains,15:00 PM - 04:00 AM (Tritiya to Navami),"South 24 Parganas, Suburban Feeder",Kolkata Police Traffic Notification No. TP/47 (Part-B)
BUS_RT_013,12C,12C (Howrah Station),Pailan,Howrah Station,19,Truncated / Diverted,Truncated at Taratala Bus Terminus / Majerhat concourse,"Behala Chowrasta, Manton, Sakher Bazar, Behala 14 No",Traffic strictly diverted via James Long Sarani and Hide Road / Brace Bridge; No through buses on DH Road,15:00 PM - 04:00 AM (Tritiya to Navami),"South-West Kolkata, Behala, Central Feeder",Kolkata Police Traffic Notification No. TP/47 (Part-B)
BUS_RT_014,12C/1,12C/1 (Howrah Station),Shibrampur,Howrah Station,18,Truncated / Diverted,Truncated at Taratala Bus Terminus / Majerhat concourse,"Behala Chowrasta, Manton, Sakher Bazar, Behala 14 No",Traffic strictly diverted via James Long Sarani and Hide Road / Brace Bridge; No through buses on DH Road,15:00 PM - 04:00 AM (Tritiya to Navami),"South-West Kolkata, Behala, Central Feeder",Kolkata Police Traffic Notification No. TP/47 (Part-B)
BUS_RT_015,12C/2,12C/2 (Howrah Station),Aquatica,Howrah Station,18,Suburban Feeder / Truncated,Truncated at Baruipur / Amtala / Taratala Outer Terminal,"Diamond Harbour Road inner stretch, Esplanade, Babughat",Vehicles halted at suburban bus terminals; passengers transferred to Sealdah South Local Trains,15:00 PM - 04:00 AM (Tritiya to Navami),"South 24 Parganas, Suburban Feeder",Kolkata Police Traffic Notification No. TP/47 (Part-B)
BUS_RT_016,12C/1A,12C/1A (Howrah Station),Pailan,Howrah Station,17,Truncated / Diverted,Truncated at Taratala Bus Terminus / Majerhat concourse,"Behala Chowrasta, Manton, Sakher Bazar, Behala 14 No",Traffic strictly diverted via James Long Sarani and Hide Road / Brace Bridge; No through buses on DH Road,15:00 PM - 04:00 AM (Tritiya to Navami),"South-West Kolkata, Behala, Central Feeder",Kolkata Police Traffic Notification No. TP/47 (Part-B)
BUS_RT_017,12C/1B,12C/1B (Howrah Station),Pailan,Howrah Station,21,Truncated / Diverted,Truncated at Taratala Bus Terminus / Majerhat concourse,"Behala Chowrasta, Manton, Sakher Bazar, Behala 14 No",Traffic strictly diverted via James Long Sarani and Hide Road / Brace Bridge; No through buses on DH Road,15:00 PM - 04:00 AM (Tritiya to Navami),"South-West Kolkata, Behala, Central Feeder",Kolkata Police Traffic Notification No. TP/47 (Part-B)
BUS_RT_018,13,13 (Sealdah),Parnasree,Sealdah,18,Diverted & Bypassed,Terminus shifted to Rajabazar Tram Depot or APC Roy Road Outer Channel,"College Street (College Square), Amherst Street, MG Road (Mohammad Ali Park), Surya Sen Street",Bypasses College Street via APC Roy Road -> Sealdah Flyover -> Moulali -> AJC Bose Road,15:00 PM - 04:00 AM (Tritiya to Navami),"Central Kolkata, North-East Feeder",Kolkata Police Traffic Notification No. TP/47 (Part-B)
BUS_RT_019,13A,13A (BBD Bag),SM Nagar,BBD Bag,16,Suburban Feeder / Truncated,Truncated at Baruipur / Amtala / Taratala Outer Terminal,"Diamond Harbour Road inner stretch, Esplanade, Babughat",Vehicles halted at suburban bus terminals; passengers transferred to Sealdah South Local Trains,15:00 PM - 04:00 AM (Tritiya to Navami),"South 24 Parganas, Suburban Feeder",Kolkata Police Traffic Notification No. TP/47 (Part-B)
BUS_RT_020,13C,13C (Baghajatin),Old Dakghar,Baghajatin,20,Suburban Feeder / Truncated,Truncated at Baruipur / Amtala / Taratala Outer Terminal,"Diamond Harbour Road inner stretch, Esplanade, Babughat",Vehicles halted at suburban bus terminals; passengers transferred to Sealdah South Local Trains,15:00 PM - 04:00 AM (Tritiya to Navami),"South 24 Parganas, Suburban Feeder",Kolkata Police Traffic Notification No. TP/47 (Part-B)
BUS_RT_021,17,17 (Howrah Station),Chetla Park,Howrah Station,14,Suburban Feeder / Truncated,Truncated at Baruipur / Amtala / Taratala Outer Terminal,"Diamond Harbour Road inner stretch, Esplanade, Babughat",Vehicles halted at suburban bus terminals; passengers transferred to Sealdah South Local Trains,15:00 PM - 04:00 AM (Tritiya to Navami),"South 24 Parganas, Suburban Feeder",Kolkata Police Traffic Notification No. TP/47 (Part-B)
BUS_RT_022,18A,18A (Howrah Station),Greenfield City,Howrah Station,16,Truncated / Diverted,Truncated at Taratala Bus Terminus / Majerhat concourse,"Behala Chowrasta, Manton, Sakher Bazar, Behala 14 No",Traffic strictly diverted via James Long Sarani and Hide Road / Brace Bridge; No through buses on DH Road,15:00 PM - 04:00 AM (Tritiya to Navami),"South-West Kolkata, Behala, Central Feeder",Kolkata Police Traffic Notification No. TP/47 (Part-B)
BUS_RT_023,18B/1,18B/1 (China Mandir),Dakghar,China Mandir,22,Suburban Feeder / Truncated,Truncated at Baruipur / Amtala / Taratala Outer Terminal,"Diamond Harbour Road inner stretch, Esplanade, Babughat",Vehicles halted at suburban bus terminals; passengers transferred to Sealdah South Local Trains,15:00 PM - 04:00 AM (Tritiya to Navami),"South 24 Parganas, Suburban Feeder",Kolkata Police Traffic Notification No. TP/47 (Part-B)
BUS_RT_024,18C,18C (Anandapur),Kestor,Anandapur,19,Active EM Bypass Corridor,Maintains mainline run on EM Bypass / Major Arterial Road Newtown,"Right turns into Beleghata Main Road, Rashbehari Connector (Bosepukur), and Ultadanga Underpass blocked",Straight movement along EM Bypass & MAR Newtown; service turns allowed only at Parama Flyover & Science City roundabout,15:00 PM - 04:00 AM (Tritiya to Navami),"Salt Lake, Newtown, East Kolkata EM Bypass",Kolkata Police Traffic Notification No. TP/47 (Part-B)
BUS_RT_025,18D,18D (Howrah Station),Suryasen Nagar,Howrah Station,15,Truncated / Diverted,Truncated at Taratala Bus Terminus / Majerhat concourse,"Behala Chowrasta, Manton, Sakher Bazar, Behala 14 No",Traffic strictly diverted via James Long Sarani and Hide Road / Brace Bridge; No through buses on DH Road,15:00 PM - 04:00 AM (Tritiya to Navami),"South-West Kolkata, Behala, Central Feeder",Kolkata Police Traffic Notification No. TP/47 (Part-B)
BUS_RT_026,21,21 (Sealdah),Barisha,Sealdah,20,Diverted & Bypassed,Terminus shifted to Rajabazar Tram Depot or APC Roy Road Outer Channel,"College Street (College Square), Amherst Street, MG Road (Mohammad Ali Park), Surya Sen Street",Bypasses College Street via APC Roy Road -> Sealdah Flyover -> Moulali -> AJC Bose Road,15:00 PM - 04:00 AM (Tritiya to Navami),"Central Kolkata, North-East Feeder",Kolkata Police Traffic Notification No. TP/47 (Part-B)
BUS_RT_027,21/1,21/1 (Sealdah),Barisha,Sealdah,20,Diverted & Bypassed,Terminus shifted to Rajabazar Tram Depot or APC Roy Road Outer Channel,"College Street (College Square), Amherst Street, MG Road (Mohammad Ali Park), Surya Sen Street",Bypasses College Street via APC Roy Road -> Sealdah Flyover -> Moulali -> AJC Bose Road,15:00 PM - 04:00 AM (Tritiya to Navami),"Central Kolkata, North-East Feeder",Kolkata Police Traffic Notification No. TP/47 (Part-B)
BUS_RT_028,23,23 (Boalghata),Barasat Chapadali,Boalghata,12,Suburban Feeder / Truncated,Truncated at Baruipur / Amtala / Taratala Outer Terminal,"Diamond Harbour Road inner stretch, Esplanade, Babughat",Vehicles halted at suburban bus terminals; passengers transferred to Sealdah South Local Trains,15:00 PM - 04:00 AM (Tritiya to Navami),"South 24 Parganas, Suburban Feeder",Kolkata Police Traffic Notification No. TP/47 (Part-B)
BUS_RT_029,24,24 (Bandha Ghat),Topsia,Bandha Ghat,15,Active EM Bypass Corridor,Maintains mainline run on EM Bypass / Major Arterial Road Newtown,"Right turns into Beleghata Main Road, Rashbehari Connector (Bosepukur), and Ultadanga Underpass blocked",Straight movement along EM Bypass & MAR Newtown; service turns allowed only at Parama Flyover & Science City roundabout,15:00 PM - 04:00 AM (Tritiya to Navami),"Salt Lake, Newtown, East Kolkata EM Bypass",Kolkata Police Traffic Notification No. TP/47 (Part-B)
BUS_RT_030,24A,24A (Bandha Ghat),Topsia,Bandha Ghat,18,Active EM Bypass Corridor,Maintains mainline run on EM Bypass / Major Arterial Road Newtown,"Right turns into Beleghata Main Road, Rashbehari Connector (Bosepukur), and Ultadanga Underpass blocked",Straight movement along EM Bypass & MAR Newtown; service turns allowed only at Parama Flyover & Science City roundabout,15:00 PM - 04:00 AM (Tritiya to Navami),"Salt Lake, Newtown, East Kolkata EM Bypass",Kolkata Police Traffic Notification No. TP/47 (Part-B)
BUS_RT_031,24A/1,24A/1 (Howrah Fire Station),Mukundapur,Howrah Fire Station,18,Diverted Corridor,Truncated at Prince Anwar Shah Rd / Southern Ave or Diverted via EM Bypass & AJC Bose Flyover,"Rashbehari Crossing, Gariahat Crossing, Hazra More, Deshapriya Park, Kalighat Metro",Rerouted via Prince Anwar Shah Road -> Tollygunge Circular -> AJC Bose Road Flyover / EM Bypass -> Vidyasagar Setu / Hastings,15:00 PM - 04:00 AM (Tritiya to Navami),"South Kolkata, Central, Howrah Feeder",Kolkata Police Traffic Notification No. TP/47 (Part-B)
BUS_RT_032,24B,24B (Howrah Station),Sealdah,Howrah Station,5,Diverted & Bypassed,Terminus shifted to Rajabazar Tram Depot or APC Roy Road Outer Channel,"College Street (College Square), Amherst Street, MG Road (Mohammad Ali Park), Surya Sen Street",Bypasses College Street via APC Roy Road -> Sealdah Flyover -> Moulali -> AJC Bose Road,15:00 PM - 04:00 AM (Tritiya to Navami),"Central Kolkata, North-East Feeder",Kolkata Police Traffic Notification No. TP/47 (Part-B)
BUS_RT_033,28,28 (Howrah Station),Sealdah,Howrah Station,5,Diverted & Bypassed,Terminus shifted to Rajabazar Tram Depot or APC Roy Road Outer Channel,"College Street (College Square), Amherst Street, MG Road (Mohammad Ali Park), Surya Sen Street",Bypasses College Street via APC Roy Road -> Sealdah Flyover -> Moulali -> AJC Bose Road,15:00 PM - 04:00 AM (Tritiya to Navami),"Central Kolkata, North-East Feeder",Kolkata Police Traffic Notification No. TP/47 (Part-B)
BUS_RT_034,30A,30A (Esplanade),Sinthi,Esplanade,10,Diverted Gateway,Diverted via RG Kar Road / Canal West Road / EM Bypass,"Shyambazar 5-Point Crossing, Bidhan Sarani, Hatibagan, Girish Park, Khanna Crossing",Rerouted via Belgharia Expressway / Jessore Road -> Ultadanga Hudco -> EM Bypass / VIP Road,15:00 PM - 04:00 AM (Tritiya to Navami),"North Kolkata, Dum Dum, Salt Lake Feeder",Kolkata Police Traffic Notification No. TP/47 (Part-B)
BUS_RT_035,30B,30B (Babughat),Gouripur,Babughat,18,Suburban Feeder / Truncated,Truncated at Baruipur / Amtala / Taratala Outer Terminal,"Diamond Harbour Road inner stretch, Esplanade, Babughat",Vehicles halted at suburban bus terminals; passengers transferred to Sealdah South Local Trains,15:00 PM - 04:00 AM (Tritiya to Navami),"South 24 Parganas, Suburban Feeder",Kolkata Police Traffic Notification No. TP/47 (Part-B)
BUS_RT_036,30C,30C (Babughat),Hatiara,Babughat,21,Suburban Feeder / Truncated,Truncated at Baruipur / Amtala / Taratala Outer Terminal,"Diamond Harbour Road inner stretch, Esplanade, Babughat",Vehicles halted at suburban bus terminals; passengers transferred to Sealdah South Local Trains,15:00 PM - 04:00 AM (Tritiya to Navami),"South 24 Parganas, Suburban Feeder",Kolkata Police Traffic Notification No. TP/47 (Part-B)
BUS_RT_037,30C/1,30C/1 (Babughat),Hatiara,Babughat,19,Suburban Feeder / Truncated,Truncated at Baruipur / Amtala / Taratala Outer Terminal,"Diamond Harbour Road inner stretch, Esplanade, Babughat",Vehicles halted at suburban bus terminals; passengers transferred to Sealdah South Local Trains,15:00 PM - 04:00 AM (Tritiya to Navami),"South 24 Parganas, Suburban Feeder",Kolkata Police Traffic Notification No. TP/47 (Part-B)
BUS_RT_038,30D,30D (Babughat),Dumdum Canton,Babughat,19,Diverted Gateway,Diverted via RG Kar Road / Canal West Road / EM Bypass,"Shyambazar 5-Point Crossing, Bidhan Sarani, Hatibagan, Girish Park, Khanna Crossing",Rerouted via Belgharia Expressway / Jessore Road -> Ultadanga Hudco -> EM Bypass / VIP Road,15:00 PM - 04:00 AM (Tritiya to Navami),"North Kolkata, Dum Dum, Salt Lake Feeder",Kolkata Police Traffic Notification No. TP/47 (Part-B)
BUS_RT_039,32A,32A (Sector V),Dakshineswar,Sector V,20,Diverted Gateway,Diverted via RG Kar Road / Canal West Road / EM Bypass,"Shyambazar 5-Point Crossing, Bidhan Sarani, Hatibagan, Girish Park, Khanna Crossing",Rerouted via Belgharia Expressway / Jessore Road -> Ultadanga Hudco -> EM Bypass / VIP Road,15:00 PM - 04:00 AM (Tritiya to Navami),"North Kolkata, Dum Dum, Salt Lake Feeder",Kolkata Police Traffic Notification No. TP/47 (Part-B)
BUS_RT_040,34B,34B (Esplanade),Dunlop,Esplanade,16,Diverted Gateway,Diverted via RG Kar Road / Canal West Road / EM Bypass,"Shyambazar 5-Point Crossing, Bidhan Sarani, Hatibagan, Girish Park, Khanna Crossing",Rerouted via Belgharia Expressway / Jessore Road -> Ultadanga Hudco -> EM Bypass / VIP Road,15:00 PM - 04:00 AM (Tritiya to Navami),"North Kolkata, Dum Dum, Salt Lake Feeder",Kolkata Police Traffic Notification No. TP/47 (Part-B)
BUS_RT_041,34C,34C (Esplanade),Noapara,Esplanade,13,Diverted Gateway,Diverted via RG Kar Road / Canal West Road / EM Bypass,"Shyambazar 5-Point Crossing, Bidhan Sarani, Hatibagan, Girish Park, Khanna Crossing",Rerouted via Belgharia Expressway / Jessore Road -> Ultadanga Hudco -> EM Bypass / VIP Road,15:00 PM - 04:00 AM (Tritiya to Navami),"North Kolkata, Dum Dum, Salt Lake Feeder",Kolkata Police Traffic Notification No. TP/47 (Part-B)
BUS_RT_042,37,37 (Howrah Station),Dhakuria,Howrah Station,19,Diverted Corridor,Truncated at Prince Anwar Shah Rd / Southern Ave or Diverted via EM Bypass & AJC Bose Flyover,"Rashbehari Crossing, Gariahat Crossing, Hazra More, Deshapriya Park, Kalighat Metro",Rerouted via Prince Anwar Shah Road -> Tollygunge Circular -> AJC Bose Road Flyover / EM Bypass -> Vidyasagar Setu / Hastings,15:00 PM - 04:00 AM (Tritiya to Navami),"South Kolkata, Central, Howrah Feeder",Kolkata Police Traffic Notification No. TP/47 (Part-B)
BUS_RT_043,37A,37A (Howrah Station),Dhakuria,Howrah Station,15,Diverted Corridor,Truncated at Prince Anwar Shah Rd / Southern Ave or Diverted via EM Bypass & AJC Bose Flyover,"Rashbehari Crossing, Gariahat Crossing, Hazra More, Deshapriya Park, Kalighat Metro",Rerouted via Prince Anwar Shah Road -> Tollygunge Circular -> AJC Bose Road Flyover / EM Bypass -> Vidyasagar Setu / Hastings,15:00 PM - 04:00 AM (Tritiya to Navami),"South Kolkata, Central, Howrah Feeder",Kolkata Police Traffic Notification No. TP/47 (Part-B)
BUS_RT_044,39,39 (High Court),Picnic Garden,High Court,13,Suburban Feeder / Truncated,Truncated at Baruipur / Amtala / Taratala Outer Terminal,"Diamond Harbour Road inner stretch, Esplanade, Babughat",Vehicles halted at suburban bus terminals; passengers transferred to Sealdah South Local Trains,15:00 PM - 04:00 AM (Tritiya to Navami),"South 24 Parganas, Suburban Feeder",Kolkata Police Traffic Notification No. TP/47 (Part-B)
BUS_RT_045,39A/2,39A/2 (Howrah Station),VIP Bazar,Howrah Station,12,Suburban Feeder / Truncated,Truncated at Baruipur / Amtala / Taratala Outer Terminal,"Diamond Harbour Road inner stretch, Esplanade, Babughat",Vehicles halted at suburban bus terminals; passengers transferred to Sealdah South Local Trains,15:00 PM - 04:00 AM (Tritiya to Navami),"South 24 Parganas, Suburban Feeder",Kolkata Police Traffic Notification No. TP/47 (Part-B)
BUS_RT_046,40A,40A (Babughat),Julpia,Babughat,23,Suburban Feeder / Truncated,Truncated at Baruipur / Amtala / Taratala Outer Terminal,"Diamond Harbour Road inner stretch, Esplanade, Babughat",Vehicles halted at suburban bus terminals; passengers transferred to Sealdah South Local Trains,15:00 PM - 04:00 AM (Tritiya to Navami),"South 24 Parganas, Suburban Feeder",Kolkata Police Traffic Notification No. TP/47 (Part-B)
BUS_RT_047,40B,40B (Babughat),Thakurpukur,Babughat,17,Truncated / Diverted,Truncated at Taratala Bus Terminus / Majerhat concourse,"Behala Chowrasta, Manton, Sakher Bazar, Behala 14 No",Traffic strictly diverted via James Long Sarani and Hide Road / Brace Bridge; No through buses on DH Road,15:00 PM - 04:00 AM (Tritiya to Navami),"South-West Kolkata, Behala, Central Feeder",Kolkata Police Traffic Notification No. TP/47 (Part-B)
BUS_RT_048,41,41 (Howrah Station),Layalka,Howrah Station,19,Diverted Corridor,Truncated at Prince Anwar Shah Rd / Southern Ave or Diverted via EM Bypass & AJC Bose Flyover,"Rashbehari Crossing, Gariahat Crossing, Hazra More, Deshapriya Park, Kalighat Metro",Rerouted via Prince Anwar Shah Road -> Tollygunge Circular -> AJC Bose Road Flyover / EM Bypass -> Vidyasagar Setu / Hastings,15:00 PM - 04:00 AM (Tritiya to Navami),"South Kolkata, Central, Howrah Feeder",Kolkata Police Traffic Notification No. TP/47 (Part-B)
BUS_RT_049,41B,41B (Howrah Station),Netaji Nagar,Howrah Station,16,Diverted Corridor,Truncated at Prince Anwar Shah Rd / Southern Ave or Diverted via EM Bypass & AJC Bose Flyover,"Rashbehari Crossing, Gariahat Crossing, Hazra More, Deshapriya Park, Kalighat Metro",Rerouted via Prince Anwar Shah Road -> Tollygunge Circular -> AJC Bose Road Flyover / EM Bypass -> Vidyasagar Setu / Hastings,15:00 PM - 04:00 AM (Tritiya to Navami),"South Kolkata, Central, Howrah Feeder",Kolkata Police Traffic Notification No. TP/47 (Part-B)
BUS_RT_050,42A,42A (Bichali Ghat),Picnic Garden,Bichali Ghat,19,Suburban Feeder / Truncated,Truncated at Baruipur / Amtala / Taratala Outer Terminal,"Diamond Harbour Road inner stretch, Esplanade, Babughat",Vehicles halted at suburban bus terminals; passengers transferred to Sealdah South Local Trains,15:00 PM - 04:00 AM (Tritiya to Navami),"South 24 Parganas, Suburban Feeder",Kolkata Police Traffic Notification No. TP/47 (Part-B)
BUS_RT_051,42B,42B (Bichali Ghat),Anandapur,Bichali Ghat,20,Active EM Bypass Corridor,Maintains mainline run on EM Bypass / Major Arterial Road Newtown,"Right turns into Beleghata Main Road, Rashbehari Connector (Bosepukur), and Ultadanga Underpass blocked",Straight movement along EM Bypass & MAR Newtown; service turns allowed only at Parama Flyover & Science City roundabout,15:00 PM - 04:00 AM (Tritiya to Navami),"Salt Lake, Newtown, East Kolkata EM Bypass",Kolkata Police Traffic Notification No. TP/47 (Part-B)
BUS_RT_052,43,43 (Esplanade),Dakshineswar,Esplanade,16,Diverted Gateway,Diverted via RG Kar Road / Canal West Road / EM Bypass,"Shyambazar 5-Point Crossing, Bidhan Sarani, Hatibagan, Girish Park, Khanna Crossing",Rerouted via Belgharia Expressway / Jessore Road -> Ultadanga Hudco -> EM Bypass / VIP Road,15:00 PM - 04:00 AM (Tritiya to Navami),"North Kolkata, Dum Dum, Salt Lake Feeder",Kolkata Police Traffic Notification No. TP/47 (Part-B)
BUS_RT_053,44,44 (Howrah Station),Baguiati,Howrah Station,14,Diverted Gateway,Diverted via RG Kar Road / Canal West Road / EM Bypass,"Shyambazar 5-Point Crossing, Bidhan Sarani, Hatibagan, Girish Park, Khanna Crossing",Rerouted via Belgharia Expressway / Jessore Road -> Ultadanga Hudco -> EM Bypass / VIP Road,15:00 PM - 04:00 AM (Tritiya to Navami),"North Kolkata, Dum Dum, Salt Lake Feeder",Kolkata Police Traffic Notification No. TP/47 (Part-B)
BUS_RT_054,44/1,44/1 (Howrah Station),Baguiati,Howrah Station,14,Diverted Gateway,Diverted via RG Kar Road / Canal West Road / EM Bypass,"Shyambazar 5-Point Crossing, Bidhan Sarani, Hatibagan, Girish Park, Khanna Crossing",Rerouted via Belgharia Expressway / Jessore Road -> Ultadanga Hudco -> EM Bypass / VIP Road,15:00 PM - 04:00 AM (Tritiya to Navami),"North Kolkata, Dum Dum, Salt Lake Feeder",Kolkata Police Traffic Notification No. TP/47 (Part-B)
BUS_RT_055,44A,44A (Howrah Station),Sector V,Howrah Station,18,Active EM Bypass Corridor,Maintains mainline run on EM Bypass / Major Arterial Road Newtown,"Right turns into Beleghata Main Road, Rashbehari Connector (Bosepukur), and Ultadanga Underpass blocked",Straight movement along EM Bypass & MAR Newtown; service turns allowed only at Parama Flyover & Science City roundabout,15:00 PM - 04:00 AM (Tritiya to Navami),"Salt Lake, Newtown, East Kolkata EM Bypass",Kolkata Police Traffic Notification No. TP/47 (Part-B)
BUS_RT_056,45,45 (Baisnabghata),Airport Gate 1,Baisnabghata,27,Diverted Corridor,Terminus adjusted to Golf Green / Jadavpur 8B / Ruby Concourse,"Gariahat, Rashbehari Avenue, Ballygunge Phari",Diverted via EM Bypass & Prince Anwar Shah Road Connector,15:00 PM - 04:00 AM (Tritiya to Navami),"South Kolkata, East Kolkata",Kolkata Police Traffic Notification No. TP/47 (Part-B)
BUS_RT_057,45A,45A (Garia Station),Airport Gate 1,Garia Station,29,Diverted Corridor,Terminus adjusted to Golf Green / Jadavpur 8B / Ruby Concourse,"Gariahat, Rashbehari Avenue, Ballygunge Phari",Diverted via EM Bypass & Prince Anwar Shah Road Connector,15:00 PM - 04:00 AM (Tritiya to Navami),"South Kolkata, East Kolkata",Kolkata Police Traffic Notification No. TP/47 (Part-B)
BUS_RT_058,45B,45B (Garia Station),Beleghata Building,Garia Station,24,Diverted Corridor,Terminus adjusted to Golf Green / Jadavpur 8B / Ruby Concourse,"Gariahat, Rashbehari Avenue, Ballygunge Phari",Diverted via EM Bypass & Prince Anwar Shah Road Connector,15:00 PM - 04:00 AM (Tritiya to Navami),"South Kolkata, East Kolkata",Kolkata Police Traffic Notification No. TP/47 (Part-B)
BUS_RT_059,46,46 (Esplanade),Airport Gate 1,Esplanade,19,Diverted Gateway,Diverted via RG Kar Road / Canal West Road / EM Bypass,"Shyambazar 5-Point Crossing, Bidhan Sarani, Hatibagan, Girish Park, Khanna Crossing",Rerouted via Belgharia Expressway / Jessore Road -> Ultadanga Hudco -> EM Bypass / VIP Road,15:00 PM - 04:00 AM (Tritiya to Navami),"North Kolkata, Dum Dum, Salt Lake Feeder",Kolkata Police Traffic Notification No. TP/47 (Part-B)
BUS_RT_060,46A,46A (Esplanade),Jagardanga,Esplanade,19,Suburban Feeder / Truncated,Truncated at Baruipur / Amtala / Taratala Outer Terminal,"Diamond Harbour Road inner stretch, Esplanade, Babughat",Vehicles halted at suburban bus terminals; passengers transferred to Sealdah South Local Trains,15:00 PM - 04:00 AM (Tritiya to Navami),"South 24 Parganas, Suburban Feeder",Kolkata Police Traffic Notification No. TP/47 (Part-B)
BUS_RT_061,46B,46B (Esplanade),Moonbeam,Esplanade,19,Suburban Feeder / Truncated,Truncated at Baruipur / Amtala / Taratala Outer Terminal,"Diamond Harbour Road inner stretch, Esplanade, Babughat",Vehicles halted at suburban bus terminals; passengers transferred to Sealdah South Local Trains,15:00 PM - 04:00 AM (Tritiya to Navami),"South 24 Parganas, Suburban Feeder",Kolkata Police Traffic Notification No. TP/47 (Part-B)
BUS_RT_062,47/1,47/1 (Rajabazar),Tollygunge Metro,Rajabazar,17,Diverted Corridor,Terminus adjusted to Golf Green / Jadavpur 8B / Ruby Concourse,"Gariahat, Rashbehari Avenue, Ballygunge Phari",Diverted via EM Bypass & Prince Anwar Shah Road Connector,15:00 PM - 04:00 AM (Tritiya to Navami),"South Kolkata, East Kolkata",Kolkata Police Traffic Notification No. TP/47 (Part-B)
BUS_RT_063,47B,47B (Dhanmath),Laketown,Dhanmath,33,Diverted Corridor,Terminus adjusted to Golf Green / Jadavpur 8B / Ruby Concourse,"Gariahat, Rashbehari Avenue, Ballygunge Phari",Diverted via EM Bypass & Prince Anwar Shah Road Connector,15:00 PM - 04:00 AM (Tritiya to Navami),"South Kolkata, East Kolkata",Kolkata Police Traffic Notification No. TP/47 (Part-B)
BUS_RT_064,51,51 (Howrah Station),Pardankuni,Howrah Station,12,Suburban Feeder / Truncated,Truncated at Baruipur / Amtala / Taratala Outer Terminal,"Diamond Harbour Road inner stretch, Esplanade, Babughat",Vehicles halted at suburban bus terminals; passengers transferred to Sealdah South Local Trains,15:00 PM - 04:00 AM (Tritiya to Navami),"South 24 Parganas, Suburban Feeder",Kolkata Police Traffic Notification No. TP/47 (Part-B)
BUS_RT_065,52,52 (Esplanade),Ramrajatala,Esplanade,12,Regulated Entry,Terminated at Howrah Maidan / Kona Expressway Terminal / Santragachi,"Howrah Station Approach, Barabazar, Strand Road, BBD Bag",Terminates at Howrah Maidan / Nabanna Bus Terminal; entry into central Kolkata restricted via Vidyasagar Setu toll plaza,15:00 PM - 04:00 AM (Tritiya to Navami),"Howrah Urban, Western Suburban Feeder",Kolkata Police Traffic Notification No. TP/47 (Part-B)
BUS_RT_066,54,54 (Esplanade),Ballykhal,Esplanade,11,Suburban Feeder / Truncated,Truncated at Baruipur / Amtala / Taratala Outer Terminal,"Diamond Harbour Road inner stretch, Esplanade, Babughat",Vehicles halted at suburban bus terminals; passengers transferred to Sealdah South Local Trains,15:00 PM - 04:00 AM (Tritiya to Navami),"South 24 Parganas, Suburban Feeder",Kolkata Police Traffic Notification No. TP/47 (Part-B)
BUS_RT_067,55,55 (Esplanade),B Garden,Esplanade,11,Regulated Entry,Terminated at Howrah Maidan / Kona Expressway Terminal / Santragachi,"Howrah Station Approach, Barabazar, Strand Road, BBD Bag",Terminates at Howrah Maidan / Nabanna Bus Terminal; entry into central Kolkata restricted via Vidyasagar Setu toll plaza,15:00 PM - 04:00 AM (Tritiya to Navami),"Howrah Urban, Western Suburban Feeder",Kolkata Police Traffic Notification No. TP/47 (Part-B)
BUS_RT_068,55A,55A (Esplanade),Shibpur Td,Esplanade,7,Regulated Entry,Terminated at Howrah Maidan / Kona Expressway Terminal / Santragachi,"Howrah Station Approach, Barabazar, Strand Road, BBD Bag",Terminates at Howrah Maidan / Nabanna Bus Terminal; entry into central Kolkata restricted via Vidyasagar Setu toll plaza,15:00 PM - 04:00 AM (Tritiya to Navami),"Howrah Urban, Western Suburban Feeder",Kolkata Police Traffic Notification No. TP/47 (Part-B)
BUS_RT_069,56,56 (Howrah Station),Ruiya Purbapara,Howrah Station,16,Suburban Feeder / Truncated,Truncated at Baruipur / Amtala / Taratala Outer Terminal,"Diamond Harbour Road inner stretch, Esplanade, Babughat",Vehicles halted at suburban bus terminals; passengers transferred to Sealdah South Local Trains,15:00 PM - 04:00 AM (Tritiya to Navami),"South 24 Parganas, Suburban Feeder",Kolkata Police Traffic Notification No. TP/47 (Part-B)
BUS_RT_070,57,57 (Esplanade),Kona,Esplanade,9,Regulated Entry,Terminated at Howrah Maidan / Kona Expressway Terminal / Santragachi,"Howrah Station Approach, Barabazar, Strand Road, BBD Bag",Terminates at Howrah Maidan / Nabanna Bus Terminal; entry into central Kolkata restricted via Vidyasagar Setu toll plaza,15:00 PM - 04:00 AM (Tritiya to Navami),"Howrah Urban, Western Suburban Feeder",Kolkata Police Traffic Notification No. TP/47 (Part-B)
BUS_RT_071,57A,57A (Howrah Station),Chanditala,Howrah Station,14,Suburban Feeder / Truncated,Truncated at Baruipur / Amtala / Taratala Outer Terminal,"Diamond Harbour Road inner stretch, Esplanade, Babughat",Vehicles halted at suburban bus terminals; passengers transferred to Sealdah South Local Trains,15:00 PM - 04:00 AM (Tritiya to Navami),"South 24 Parganas, Suburban Feeder",Kolkata Police Traffic Notification No. TP/47 (Part-B)
BUS_RT_072,59,59 (Esplanade),Bakultala,Esplanade,13,Suburban Feeder / Truncated,Truncated at Baruipur / Amtala / Taratala Outer Terminal,"Diamond Harbour Road inner stretch, Esplanade, Babughat",Vehicles halted at suburban bus terminals; passengers transferred to Sealdah South Local Trains,15:00 PM - 04:00 AM (Tritiya to Navami),"South 24 Parganas, Suburban Feeder",Kolkata Police Traffic Notification No. TP/47 (Part-B)
BUS_RT_073,61,61 (Howrah Station),Alampur,Howrah Station,17,Regulated Entry,Terminated at Howrah Maidan / Kona Expressway Terminal / Santragachi,"Howrah Station Approach, Barabazar, Strand Road, BBD Bag",Terminates at Howrah Maidan / Nabanna Bus Terminal; entry into central Kolkata restricted via Vidyasagar Setu toll plaza,15:00 PM - 04:00 AM (Tritiya to Navami),"Howrah Urban, Western Suburban Feeder",Kolkata Police Traffic Notification No. TP/47 (Part-B)
BUS_RT_074,63,63 (Howrah Station),Domjur,Howrah Station,12,Regulated Entry,Terminated at Howrah Maidan / Kona Expressway Terminal / Santragachi,"Howrah Station Approach, Barabazar, Strand Road, BBD Bag",Terminates at Howrah Maidan / Nabanna Bus Terminal; entry into central Kolkata restricted via Vidyasagar Setu toll plaza,15:00 PM - 04:00 AM (Tritiya to Navami),"Howrah Urban, Western Suburban Feeder",Kolkata Police Traffic Notification No. TP/47 (Part-B)
BUS_RT_075,64,64 (Kulgachia),Tulshiberia,Kulgachia,4,Suburban Feeder / Truncated,Truncated at Baruipur / Amtala / Taratala Outer Terminal,"Diamond Harbour Road inner stretch, Esplanade, Babughat",Vehicles halted at suburban bus terminals; passengers transferred to Sealdah South Local Trains,15:00 PM - 04:00 AM (Tritiya to Navami),"South 24 Parganas, Suburban Feeder",Kolkata Police Traffic Notification No. TP/47 (Part-B)
BUS_RT_076,67,67 (Shibgunge),Bagnan,Shibgunge,16,Regulated Entry,Terminated at Howrah Maidan / Kona Expressway Terminal / Santragachi,"Howrah Station Approach, Barabazar, Strand Road, BBD Bag",Terminates at Howrah Maidan / Nabanna Bus Terminal; entry into central Kolkata restricted via Vidyasagar Setu toll plaza,15:00 PM - 04:00 AM (Tritiya to Navami),"Howrah Urban, Western Suburban Feeder",Kolkata Police Traffic Notification No. TP/47 (Part-B)
BUS_RT_077,67A,67A (Gadiara),Bagnan,Gadiara,17,Regulated Entry,Terminated at Howrah Maidan / Kona Expressway Terminal / Santragachi,"Howrah Station Approach, Barabazar, Strand Road, BBD Bag",Terminates at Howrah Maidan / Nabanna Bus Terminal; entry into central Kolkata restricted via Vidyasagar Setu toll plaza,15:00 PM - 04:00 AM (Tritiya to Navami),"Howrah Urban, Western Suburban Feeder",Kolkata Police Traffic Notification No. TP/47 (Part-B)
BUS_RT_078,67B,67B (58 Gate),Bagnan,58 Gate,16,Regulated Entry,Terminated at Howrah Maidan / Kona Expressway Terminal / Santragachi,"Howrah Station Approach, Barabazar, Strand Road, BBD Bag",Terminates at Howrah Maidan / Nabanna Bus Terminal; entry into central Kolkata restricted via Vidyasagar Setu toll plaza,15:00 PM - 04:00 AM (Tritiya to Navami),"Howrah Urban, Western Suburban Feeder",Kolkata Police Traffic Notification No. TP/47 (Part-B)
BUS_RT_079,68,68 (Kamalpur),Bagnan,Kamalpur,14,Regulated Entry,Terminated at Howrah Maidan / Kona Expressway Terminal / Santragachi,"Howrah Station Approach, Barabazar, Strand Road, BBD Bag",Terminates at Howrah Maidan / Nabanna Bus Terminal; entry into central Kolkata restricted via Vidyasagar Setu toll plaza,15:00 PM - 04:00 AM (Tritiya to Navami),"Howrah Urban, Western Suburban Feeder",Kolkata Police Traffic Notification No. TP/47 (Part-B)
BUS_RT_080,69,69 (Howrah Station),Sankrail,Howrah Station,16,Regulated Entry,Terminated at Howrah Maidan / Kona Expressway Terminal / Santragachi,"Howrah Station Approach, Barabazar, Strand Road, BBD Bag",Terminates at Howrah Maidan / Nabanna Bus Terminal; entry into central Kolkata restricted via Vidyasagar Setu toll plaza,15:00 PM - 04:00 AM (Tritiya to Navami),"Howrah Urban, Western Suburban Feeder",Kolkata Police Traffic Notification No. TP/47 (Part-B)
BUS_RT_081,C,C (Howrah Maidan),Park Street,Howrah Maidan,7,Suburban Feeder / Truncated,Truncated at Baruipur / Amtala / Taratala Outer Terminal,"Diamond Harbour Road inner stretch, Esplanade, Babughat",Vehicles halted at suburban bus terminals; passengers transferred to Sealdah South Local Trains,15:00 PM - 04:00 AM (Tritiya to Navami),"South 24 Parganas, Suburban Feeder",Kolkata Police Traffic Notification No. TP/47 (Part-B)
BUS_RT_082,SD-3,SD-3 (Ghatakpukur),Sonarpur,Ghatakpukur,26,Suburban Feeder / Truncated,Truncated at Baruipur / Amtala / Taratala Outer Terminal,"Diamond Harbour Road inner stretch, Esplanade, Babughat",Vehicles halted at suburban bus terminals; passengers transferred to Sealdah South Local Trains,15:00 PM - 04:00 AM (Tritiya to Navami),"South 24 Parganas, Suburban Feeder",Kolkata Police Traffic Notification No. TP/47 (Part-B)
BUS_RT_083,SD-4,SD-4 (Sapuipara),Thakurpukur,Sapuipara,19,Rerouted via James Long Sarani,Operates via James Long Sarani bypass corridor,"Behala Chowrasta, Manton, Shilpara",Diverted through James Long Sarani to Taratala,15:00 PM - 04:00 AM (Tritiya to Navami),"South-West Kolkata, Behala",Kolkata Police Traffic Notification No. TP/47 (Part-B)
BUS_RT_084,SD-5,SD-5 (Khariberia),Sonarpur Station,Khariberia,27,Suburban Feeder / Truncated,Truncated at Baruipur / Amtala / Taratala Outer Terminal,"Diamond Harbour Road inner stretch, Esplanade, Babughat",Vehicles halted at suburban bus terminals; passengers transferred to Sealdah South Local Trains,15:00 PM - 04:00 AM (Tritiya to Navami),"South 24 Parganas, Suburban Feeder",Kolkata Police Traffic Notification No. TP/47 (Part-B)
BUS_RT_085,SD-8,SD-8 (Nandi Bagan),Bibirhat,Nandi Bagan,23,Suburban Feeder / Truncated,Truncated at Baruipur / Amtala / Taratala Outer Terminal,"Diamond Harbour Road inner stretch, Esplanade, Babughat",Vehicles halted at suburban bus terminals; passengers transferred to Sealdah South Local Trains,15:00 PM - 04:00 AM (Tritiya to Navami),"South 24 Parganas, Suburban Feeder",Kolkata Police Traffic Notification No. TP/47 (Part-B)
BUS_RT_086,SD-9,SD-9 (Esplanade),Noorpur,Esplanade,23,Truncated / Diverted,Truncated at Taratala Bus Terminus / Majerhat concourse,"Behala Chowrasta, Manton, Sakher Bazar, Behala 14 No",Traffic strictly diverted via James Long Sarani and Hide Road / Brace Bridge; No through buses on DH Road,15:00 PM - 04:00 AM (Tritiya to Navami),"South-West Kolkata, Behala, Central Feeder",Kolkata Police Traffic Notification No. TP/47 (Part-B)
BUS_RT_087,SD-11,SD-11 (Patharpratima),Noorpur,Patharpratima,29,Rerouted via James Long Sarani,Operates via James Long Sarani bypass corridor,"Behala Chowrasta, Manton, Shilpara",Diverted through James Long Sarani to Taratala,15:00 PM - 04:00 AM (Tritiya to Navami),"South-West Kolkata, Behala",Kolkata Police Traffic Notification No. TP/47 (Part-B)
BUS_RT_088,SD-11/1,SD-11/1 (Ramganga),Noorpur,Ramganga,39,Rerouted via James Long Sarani,Operates via James Long Sarani bypass corridor,"Behala Chowrasta, Manton, Shilpara",Diverted through James Long Sarani to Taratala,15:00 PM - 04:00 AM (Tritiya to Navami),"South-West Kolkata, Behala",Kolkata Police Traffic Notification No. TP/47 (Part-B)
BUS_RT_089,SD-14,SD-14 (Taratala),Sahararhat,Taratala,19,Suburban Feeder / Truncated,Truncated at Baruipur / Amtala / Taratala Outer Terminal,"Diamond Harbour Road inner stretch, Esplanade, Babughat",Vehicles halted at suburban bus terminals; passengers transferred to Sealdah South Local Trains,15:00 PM - 04:00 AM (Tritiya to Navami),"South 24 Parganas, Suburban Feeder",Kolkata Police Traffic Notification No. TP/47 (Part-B)
BUS_RT_090,SD-16,SD-16 (Mukundapur),Shirakole,Mukundapur,27,Diverted Corridor,Terminus adjusted to Golf Green / Jadavpur 8B / Ruby Concourse,"Gariahat, Rashbehari Avenue, Ballygunge Phari",Diverted via EM Bypass & Prince Anwar Shah Road Connector,15:00 PM - 04:00 AM (Tritiya to Navami),"South Kolkata, East Kolkata",Kolkata Police Traffic Notification No. TP/47 (Part-B)
BUS_RT_091,SD-18,SD-18 (Esplanade),Diamond Harbour,Esplanade,27,Truncated / Diverted,Truncated at Taratala Bus Terminus / Majerhat concourse,"Behala Chowrasta, Manton, Sakher Bazar, Behala 14 No",Traffic strictly diverted via James Long Sarani and Hide Road / Brace Bridge; No through buses on DH Road,15:00 PM - 04:00 AM (Tritiya to Navami),"South-West Kolkata, Behala, Central Feeder",Kolkata Police Traffic Notification No. TP/47 (Part-B)
BUS_RT_092,SD-19,SD-19 (Patharpratima),Esplanade,Patharpratima,47,Suburban Feeder / Truncated,Truncated at Baruipur / Amtala / Taratala Outer Terminal,"Diamond Harbour Road inner stretch, Esplanade, Babughat",Vehicles halted at suburban bus terminals; passengers transferred to Sealdah South Local Trains,15:00 PM - 04:00 AM (Tritiya to Navami),"South 24 Parganas, Suburban Feeder",Kolkata Police Traffic Notification No. TP/47 (Part-B)
BUS_RT_093,SD-24,SD-24 (Sonakhali),Alipore Zoo,Sonakhali,45,Suburban Feeder / Truncated,Truncated at Baruipur / Amtala / Taratala Outer Terminal,"Diamond Harbour Road inner stretch, Esplanade, Babughat",Vehicles halted at suburban bus terminals; passengers transferred to Sealdah South Local Trains,15:00 PM - 04:00 AM (Tritiya to Navami),"South 24 Parganas, Suburban Feeder",Kolkata Police Traffic Notification No. TP/47 (Part-B)
BUS_RT_094,SD-26,SD-26 (Babughat),Burul,Babughat,25,Suburban Feeder / Truncated,Truncated at Baruipur / Amtala / Taratala Outer Terminal,"Diamond Harbour Road inner stretch, Esplanade, Babughat",Vehicles halted at suburban bus terminals; passengers transferred to Sealdah South Local Trains,15:00 PM - 04:00 AM (Tritiya to Navami),"South 24 Parganas, Suburban Feeder",Kolkata Police Traffic Notification No. TP/47 (Part-B)
BUS_RT_095,SD-27,SD-27 (Akra Fatak),Dostipur,Akra Fatak,23,Suburban Feeder / Truncated,Truncated at Baruipur / Amtala / Taratala Outer Terminal,"Diamond Harbour Road inner stretch, Esplanade, Babughat",Vehicles halted at suburban bus terminals; passengers transferred to Sealdah South Local Trains,15:00 PM - 04:00 AM (Tritiya to Navami),"South 24 Parganas, Suburban Feeder",Kolkata Police Traffic Notification No. TP/47 (Part-B)
BUS_RT_096,SD-29,SD-29 (Baruipur),Amtala,Baruipur,12,Rerouted via James Long Sarani,Operates via James Long Sarani bypass corridor,"Behala Chowrasta, Manton, Shilpara",Diverted through James Long Sarani to Taratala,15:00 PM - 04:00 AM (Tritiya to Navami),"South-West Kolkata, Behala",Kolkata Police Traffic Notification No. TP/47 (Part-B)
BUS_RT_097,SD-30,SD-30 (Taratala),Sahararhat,Taratala,20,Suburban Feeder / Truncated,Truncated at Baruipur / Amtala / Taratala Outer Terminal,"Diamond Harbour Road inner stretch, Esplanade, Babughat",Vehicles halted at suburban bus terminals; passengers transferred to Sealdah South Local Trains,15:00 PM - 04:00 AM (Tritiya to Navami),"South 24 Parganas, Suburban Feeder",Kolkata Police Traffic Notification No. TP/47 (Part-B)
BUS_RT_098,SD-33,SD-33 (Jharkhali),Baruipur,Jharkhali,30,Suburban Feeder / Truncated,Truncated at Baruipur / Amtala / Taratala Outer Terminal,"Diamond Harbour Road inner stretch, Esplanade, Babughat",Vehicles halted at suburban bus terminals; passengers transferred to Sealdah South Local Trains,15:00 PM - 04:00 AM (Tritiya to Navami),"South 24 Parganas, Suburban Feeder",Kolkata Police Traffic Notification No. TP/47 (Part-B)
BUS_RT_099,SD-39,SD-39 (Kishorimohonpur),Joynagar,Kishorimohonpur,25,Suburban Feeder / Truncated,Truncated at Baruipur / Amtala / Taratala Outer Terminal,"Diamond Harbour Road inner stretch, Esplanade, Babughat",Vehicles halted at suburban bus terminals; passengers transferred to Sealdah South Local Trains,15:00 PM - 04:00 AM (Tritiya to Navami),"South 24 Parganas, Suburban Feeder",Kolkata Police Traffic Notification No. TP/47 (Part-B)
BUS_RT_100,SD-50,SD-50 (Patharpratima),Diamond Harbour,Patharpratima,21,Rerouted via James Long Sarani,Operates via James Long Sarani bypass corridor,"Behala Chowrasta, Manton, Shilpara",Diverted through James Long Sarani to Taratala,15:00 PM - 04:00 AM (Tritiya to Navami),"South-West Kolkata, Behala",Kolkata Police Traffic Notification No. TP/47 (Part-B)
BUS_RT_101,SD-53,SD-53 (Maipith),Joynagar,Maipith,25,Suburban Feeder / Truncated,Truncated at Baruipur / Amtala / Taratala Outer Terminal,"Diamond Harbour Road inner stretch, Esplanade, Babughat",Vehicles halted at suburban bus terminals; passengers transferred to Sealdah South Local Trains,15:00 PM - 04:00 AM (Tritiya to Navami),"South 24 Parganas, Suburban Feeder",Kolkata Police Traffic Notification No. TP/47 (Part-B)
BUS_RT_102,SD-63,SD-63 (Gadkhali),Baruipur,Gadkhali,26,Suburban Feeder / Truncated,Truncated at Baruipur / Amtala / Taratala Outer Terminal,"Diamond Harbour Road inner stretch, Esplanade, Babughat",Vehicles halted at suburban bus terminals; passengers transferred to Sealdah South Local Trains,15:00 PM - 04:00 AM (Tritiya to Navami),"South 24 Parganas, Suburban Feeder",Kolkata Police Traffic Notification No. TP/47 (Part-B)
BUS_RT_103,SD-64,SD-64 (Chunakhali),Baruipur,Chunakhali,20,Suburban Feeder / Truncated,Truncated at Baruipur / Amtala / Taratala Outer Terminal,"Diamond Harbour Road inner stretch, Esplanade, Babughat",Vehicles halted at suburban bus terminals; passengers transferred to Sealdah South Local Trains,15:00 PM - 04:00 AM (Tritiya to Navami),"South 24 Parganas, Suburban Feeder",Kolkata Police Traffic Notification No. TP/47 (Part-B)
BUS_RT_104,SD-69,SD-69 (Gangasagar),Kachuberia Sagar Island,Gangasagar,6,Suburban Feeder / Truncated,Truncated at Baruipur / Amtala / Taratala Outer Terminal,"Diamond Harbour Road inner stretch, Esplanade, Babughat",Vehicles halted at suburban bus terminals; passengers transferred to Sealdah South Local Trains,15:00 PM - 04:00 AM (Tritiya to Navami),"South 24 Parganas, Suburban Feeder",Kolkata Police Traffic Notification No. TP/47 (Part-B)
BUS_RT_105,SD-76,SD-76 (Ruby),Amtala,Ruby,23,Rerouted via James Long Sarani,Operates via James Long Sarani bypass corridor,"Behala Chowrasta, Manton, Shilpara",Diverted through James Long Sarani to Taratala,15:00 PM - 04:00 AM (Tritiya to Navami),"South-West Kolkata, Behala",Kolkata Police Traffic Notification No. TP/47 (Part-B)
BUS_RT_106,SD-85,SD-85 (Dhamakhali),Canning,Dhamakhali,12,Suburban Feeder / Truncated,Truncated at Baruipur / Amtala / Taratala Outer Terminal,"Diamond Harbour Road inner stretch, Esplanade, Babughat",Vehicles halted at suburban bus terminals; passengers transferred to Sealdah South Local Trains,15:00 PM - 04:00 AM (Tritiya to Navami),"South 24 Parganas, Suburban Feeder",Kolkata Police Traffic Notification No. TP/47 (Part-B)
BUS_RT_107,SD-94,SD-94 (Bakkhali),Kakdwip Bus Stand,Bakkhali,9,Suburban Feeder / Truncated,Truncated at Baruipur / Amtala / Taratala Outer Terminal,"Diamond Harbour Road inner stretch, Esplanade, Babughat",Vehicles halted at suburban bus terminals; passengers transferred to Sealdah South Local Trains,15:00 PM - 04:00 AM (Tritiya to Navami),"South 24 Parganas, Suburban Feeder",Kolkata Police Traffic Notification No. TP/47 (Part-B)
BUS_RT_108,DN-2/1,DN-2/1 (Dakshineswar),Shapoorji,Dakshineswar,21,Diverted Gateway,Diverted via RG Kar Road / Canal West Road / EM Bypass,"Shyambazar 5-Point Crossing, Bidhan Sarani, Hatibagan, Girish Park, Khanna Crossing",Rerouted via Belgharia Expressway / Jessore Road -> Ultadanga Hudco -> EM Bypass / VIP Road,15:00 PM - 04:00 AM (Tritiya to Navami),"North Kolkata, Dum Dum, Salt Lake Feeder",Kolkata Police Traffic Notification No. TP/47 (Part-B)
BUS_RT_109,DN-5,DN-5 (Naihati Station),Barasat Chapadali,Naihati Station,26,Suburban Feeder / Truncated,Truncated at Baruipur / Amtala / Taratala Outer Terminal,"Diamond Harbour Road inner stretch, Esplanade, Babughat",Vehicles halted at suburban bus terminals; passengers transferred to Sealdah South Local Trains,15:00 PM - 04:00 AM (Tritiya to Navami),"South 24 Parganas, Suburban Feeder",Kolkata Police Traffic Notification No. TP/47 (Part-B)
BUS_RT_110,DN-8,DN-8 (Sector V),Barasat Colony,Sector V,22,Active EM Bypass Corridor,Maintains mainline run on EM Bypass / Major Arterial Road Newtown,"Right turns into Beleghata Main Road, Rashbehari Connector (Bosepukur), and Ultadanga Underpass blocked",Straight movement along EM Bypass & MAR Newtown; service turns allowed only at Parama Flyover & Science City roundabout,15:00 PM - 04:00 AM (Tritiya to Navami),"Salt Lake, Newtown, East Kolkata EM Bypass",Kolkata Police Traffic Notification No. TP/47 (Part-B)
BUS_RT_111,DN-9/1,DN-9/1 (Rajchandrapur),Barasat Chapadali,Rajchandrapur,17,Suburban Feeder / Truncated,Truncated at Baruipur / Amtala / Taratala Outer Terminal,"Diamond Harbour Road inner stretch, Esplanade, Babughat",Vehicles halted at suburban bus terminals; passengers transferred to Sealdah South Local Trains,15:00 PM - 04:00 AM (Tritiya to Navami),"South 24 Parganas, Suburban Feeder",Kolkata Police Traffic Notification No. TP/47 (Part-B)
BUS_RT_112,DN-12,DN-12 (Basirhat),Bongaon,Basirhat,26,Suburban Feeder / Truncated,Truncated at Baruipur / Amtala / Taratala Outer Terminal,"Diamond Harbour Road inner stretch, Esplanade, Babughat",Vehicles halted at suburban bus terminals; passengers transferred to Sealdah South Local Trains,15:00 PM - 04:00 AM (Tritiya to Navami),"South 24 Parganas, Suburban Feeder",Kolkata Police Traffic Notification No. TP/47 (Part-B)
BUS_RT_113,DN-12/1,DN-12/1 (Nazat),Habra Station,Nazat,25,Suburban Feeder / Truncated,Truncated at Baruipur / Amtala / Taratala Outer Terminal,"Diamond Harbour Road inner stretch, Esplanade, Babughat",Vehicles halted at suburban bus terminals; passengers transferred to Sealdah South Local Trains,15:00 PM - 04:00 AM (Tritiya to Navami),"South 24 Parganas, Suburban Feeder",Kolkata Police Traffic Notification No. TP/47 (Part-B)
BUS_RT_114,DN-13,DN-13 (Hakimpur),Basirhat,Hakimpur,27,Suburban Feeder / Truncated,Truncated at Baruipur / Amtala / Taratala Outer Terminal,"Diamond Harbour Road inner stretch, Esplanade, Babughat",Vehicles halted at suburban bus terminals; passengers transferred to Sealdah South Local Trains,15:00 PM - 04:00 AM (Tritiya to Navami),"South 24 Parganas, Suburban Feeder",Kolkata Police Traffic Notification No. TP/47 (Part-B)
BUS_RT_115,DN-16/1,DN-16/1 (Dhamakhali),Barasat Chapadali,Dhamakhali,54,Suburban Feeder / Truncated,Truncated at Baruipur / Amtala / Taratala Outer Terminal,"Diamond Harbour Road inner stretch, Esplanade, Babughat",Vehicles halted at suburban bus terminals; passengers transferred to Sealdah South Local Trains,15:00 PM - 04:00 AM (Tritiya to Navami),"South 24 Parganas, Suburban Feeder",Kolkata Police Traffic Notification No. TP/47 (Part-B)
BUS_RT_116,DN-17,DN-17 (Santragachi),Barasat Chapadali,Santragachi,36,Regulated Entry,Terminated at Howrah Maidan / Kona Expressway Terminal / Santragachi,"Howrah Station Approach, Barabazar, Strand Road, BBD Bag",Terminates at Howrah Maidan / Nabanna Bus Terminal; entry into central Kolkata restricted via Vidyasagar Setu toll plaza,15:00 PM - 04:00 AM (Tritiya to Navami),"Howrah Urban, Western Suburban Feeder",Kolkata Police Traffic Notification No. TP/47 (Part-B)
BUS_RT_117,DN-18,DN-18 (Baduria),Shyambazar,Baduria,23,Diverted Gateway,Diverted via RG Kar Road / Canal West Road / EM Bypass,"Shyambazar 5-Point Crossing, Bidhan Sarani, Hatibagan, Girish Park, Khanna Crossing",Rerouted via Belgharia Expressway / Jessore Road -> Ultadanga Hudco -> EM Bypass / VIP Road,15:00 PM - 04:00 AM (Tritiya to Navami),"North Kolkata, Dum Dum, Salt Lake Feeder",Kolkata Police Traffic Notification No. TP/47 (Part-B)
BUS_RT_118,DN-28,DN-28 (Haroa Bazar),Barasat Chapadali,Haroa Bazar,13,Suburban Feeder / Truncated,Truncated at Baruipur / Amtala / Taratala Outer Terminal,"Diamond Harbour Road inner stretch, Esplanade, Babughat",Vehicles halted at suburban bus terminals; passengers transferred to Sealdah South Local Trains,15:00 PM - 04:00 AM (Tritiya to Navami),"South 24 Parganas, Suburban Feeder",Kolkata Police Traffic Notification No. TP/47 (Part-B)
BUS_RT_119,DN-35,DN-35 (Nabatkati),Barasat Chapadali,Nabatkati,31,Suburban Feeder / Truncated,Truncated at Baruipur / Amtala / Taratala Outer Terminal,"Diamond Harbour Road inner stretch, Esplanade, Babughat",Vehicles halted at suburban bus terminals; passengers transferred to Sealdah South Local Trains,15:00 PM - 04:00 AM (Tritiya to Navami),"South 24 Parganas, Suburban Feeder",Kolkata Police Traffic Notification No. TP/47 (Part-B)
BUS_RT_120,DN-38,DN-38 (Taranipur),Basirhat,Taranipur,14,Suburban Feeder / Truncated,Truncated at Baruipur / Amtala / Taratala Outer Terminal,"Diamond Harbour Road inner stretch, Esplanade, Babughat",Vehicles halted at suburban bus terminals; passengers transferred to Sealdah South Local Trains,15:00 PM - 04:00 AM (Tritiya to Navami),"South 24 Parganas, Suburban Feeder",Kolkata Police Traffic Notification No. TP/47 (Part-B)
BUS_RT_121,DN-43,DN-43 (Dakshineswar),Barasat Colony,Dakshineswar,11,Diverted Gateway,Diverted via RG Kar Road / Canal West Road / EM Bypass,"Shyambazar 5-Point Crossing, Bidhan Sarani, Hatibagan, Girish Park, Khanna Crossing",Rerouted via Belgharia Expressway / Jessore Road -> Ultadanga Hudco -> EM Bypass / VIP Road,15:00 PM - 04:00 AM (Tritiya to Navami),"North Kolkata, Dum Dum, Salt Lake Feeder",Kolkata Police Traffic Notification No. TP/47 (Part-B)
BUS_RT_122,DN-44,DN-44 (Dakshineswar),Bongaon,Dakshineswar,39,Diverted Gateway,Diverted via RG Kar Road / Canal West Road / EM Bypass,"Shyambazar 5-Point Crossing, Bidhan Sarani, Hatibagan, Girish Park, Khanna Crossing",Rerouted via Belgharia Expressway / Jessore Road -> Ultadanga Hudco -> EM Bypass / VIP Road,15:00 PM - 04:00 AM (Tritiya to Navami),"North Kolkata, Dum Dum, Salt Lake Feeder",Kolkata Police Traffic Notification No. TP/47 (Part-B)
BUS_RT_123,DN-46,DN-46 (Sector V),Ballyhalt,Sector V,20,Active EM Bypass Corridor,Maintains mainline run on EM Bypass / Major Arterial Road Newtown,"Right turns into Beleghata Main Road, Rashbehari Connector (Bosepukur), and Ultadanga Underpass blocked",Straight movement along EM Bypass & MAR Newtown; service turns allowed only at Parama Flyover & Science City roundabout,15:00 PM - 04:00 AM (Tritiya to Navami),"Salt Lake, Newtown, East Kolkata EM Bypass",Kolkata Police Traffic Notification No. TP/47 (Part-B)
BUS_RT_124,DN-47,DN-47 (Karunamoyee),Barasat Colony,Karunamoyee,24,Active EM Bypass Corridor,Maintains mainline run on EM Bypass / Major Arterial Road Newtown,"Right turns into Beleghata Main Road, Rashbehari Connector (Bosepukur), and Ultadanga Underpass blocked",Straight movement along EM Bypass & MAR Newtown; service turns allowed only at Parama Flyover & Science City roundabout,15:00 PM - 04:00 AM (Tritiya to Navami),"Salt Lake, Newtown, East Kolkata EM Bypass",Kolkata Police Traffic Notification No. TP/47 (Part-B)
BUS_RT_125,K-1,K-1 (Kolkata Station),Hatishala,Kolkata Station,23,Suburban Feeder / Truncated,Truncated at Baruipur / Amtala / Taratala Outer Terminal,"Diamond Harbour Road inner stretch, Esplanade, Babughat",Vehicles halted at suburban bus terminals; passengers transferred to Sealdah South Local Trains,15:00 PM - 04:00 AM (Tritiya to Navami),"South 24 Parganas, Suburban Feeder",Kolkata Police Traffic Notification No. TP/47 (Part-B)
BUS_RT_126,K-4,K-4 (Ruby),Dakshineswar,Ruby,25,Diverted Gateway,Diverted via RG Kar Road / Canal West Road / EM Bypass,"Shyambazar 5-Point Crossing, Bidhan Sarani, Hatibagan, Girish Park, Khanna Crossing",Rerouted via Belgharia Expressway / Jessore Road -> Ultadanga Hudco -> EM Bypass / VIP Road,15:00 PM - 04:00 AM (Tritiya to Navami),"North Kolkata, Dum Dum, Salt Lake Feeder",Kolkata Police Traffic Notification No. TP/47 (Part-B)
BUS_RT_127,K-11,K-11 (Rabindra Sadan),Domjur,Rabindra Sadan,14,Regulated Entry,Terminated at Howrah Maidan / Kona Expressway Terminal / Santragachi,"Howrah Station Approach, Barabazar, Strand Road, BBD Bag",Terminates at Howrah Maidan / Nabanna Bus Terminal; entry into central Kolkata restricted via Vidyasagar Setu toll plaza,15:00 PM - 04:00 AM (Tritiya to Navami),"Howrah Urban, Western Suburban Feeder",Kolkata Police Traffic Notification No. TP/47 (Part-B)
BUS_RT_128,KB-12,KB-12 (Unitech Gate 1),Parnasree,Unitech Gate 1,27,Rerouted via James Long Sarani,Operates via James Long Sarani bypass corridor,"Behala Chowrasta, Manton, Shilpara",Diverted through James Long Sarani to Taratala,15:00 PM - 04:00 AM (Tritiya to Navami),"South-West Kolkata, Behala",Kolkata Police Traffic Notification No. TP/47 (Part-B)
BUS_RT_129,KB-15,KB-15 (Santragachi),Anandapur,Santragachi,19,Regulated Entry,Terminated at Howrah Maidan / Kona Expressway Terminal / Santragachi,"Howrah Station Approach, Barabazar, Strand Road, BBD Bag",Terminates at Howrah Maidan / Nabanna Bus Terminal; entry into central Kolkata restricted via Vidyasagar Setu toll plaza,15:00 PM - 04:00 AM (Tritiya to Navami),"Howrah Urban, Western Suburban Feeder",Kolkata Police Traffic Notification No. TP/47 (Part-B)
BUS_RT_130,KB-16,KB-16 (Bangur Avenue),Shapoorji,Bangur Avenue,33,Active EM Bypass Corridor,Maintains mainline run on EM Bypass / Major Arterial Road Newtown,"Right turns into Beleghata Main Road, Rashbehari Connector (Bosepukur), and Ultadanga Underpass blocked",Straight movement along EM Bypass & MAR Newtown; service turns allowed only at Parama Flyover & Science City roundabout,15:00 PM - 04:00 AM (Tritiya to Navami),"Salt Lake, Newtown, East Kolkata EM Bypass",Kolkata Police Traffic Notification No. TP/47 (Part-B)
BUS_RT_131,KB-17,KB-17 (Unitech Gate 1),Sonarpur Station,Unitech Gate 1,41,Active EM Bypass Corridor,Maintains mainline run on EM Bypass / Major Arterial Road Newtown,"Right turns into Beleghata Main Road, Rashbehari Connector (Bosepukur), and Ultadanga Underpass blocked",Straight movement along EM Bypass & MAR Newtown; service turns allowed only at Parama Flyover & Science City roundabout,15:00 PM - 04:00 AM (Tritiya to Navami),"Salt Lake, Newtown, East Kolkata EM Bypass",Kolkata Police Traffic Notification No. TP/47 (Part-B)
BUS_RT_132,KB-21,KB-21 (Leather Complex),Ganga Nagar,Leather Complex,36,Active EM Bypass Corridor,Maintains mainline run on EM Bypass / Major Arterial Road Newtown,"Right turns into Beleghata Main Road, Rashbehari Connector (Bosepukur), and Ultadanga Underpass blocked",Straight movement along EM Bypass & MAR Newtown; service turns allowed only at Parama Flyover & Science City roundabout,15:00 PM - 04:00 AM (Tritiya to Navami),"Salt Lake, Newtown, East Kolkata EM Bypass",Kolkata Police Traffic Notification No. TP/47 (Part-B)
BUS_RT_133,KB-22,KB-22 (Kolkata Station),Jamirgachi,Kolkata Station,24,Suburban Feeder / Truncated,Truncated at Baruipur / Amtala / Taratala Outer Terminal,"Diamond Harbour Road inner stretch, Esplanade, Babughat",Vehicles halted at suburban bus terminals; passengers transferred to Sealdah South Local Trains,15:00 PM - 04:00 AM (Tritiya to Navami),"South 24 Parganas, Suburban Feeder",Kolkata Police Traffic Notification No. TP/47 (Part-B)
BUS_RT_134,KB-24,KB-24 (Kolkata Station),Hatishala,Kolkata Station,21,Suburban Feeder / Truncated,Truncated at Baruipur / Amtala / Taratala Outer Terminal,"Diamond Harbour Road inner stretch, Esplanade, Babughat",Vehicles halted at suburban bus terminals; passengers transferred to Sealdah South Local Trains,15:00 PM - 04:00 AM (Tritiya to Navami),"South 24 Parganas, Suburban Feeder",Kolkata Police Traffic Notification No. TP/47 (Part-B)
BUS_RT_135,E-43,E-43 (Howrah Station),Dihibhursut,Howrah Station,23,Regulated Entry,Terminated at Howrah Maidan / Kona Expressway Terminal / Santragachi,"Howrah Station Approach, Barabazar, Strand Road, BBD Bag",Terminates at Howrah Maidan / Nabanna Bus Terminal; entry into central Kolkata restricted via Vidyasagar Setu toll plaza,15:00 PM - 04:00 AM (Tritiya to Navami),"Howrah Urban, Western Suburban Feeder",Kolkata Police Traffic Notification No. TP/47 (Part-B)
BUS_RT_136,E-44,E-44 (Howrah Station),Rampur,Howrah Station,15,Suburban Feeder / Truncated,Truncated at Baruipur / Amtala / Taratala Outer Terminal,"Diamond Harbour Road inner stretch, Esplanade, Babughat",Vehicles halted at suburban bus terminals; passengers transferred to Sealdah South Local Trains,15:00 PM - 04:00 AM (Tritiya to Navami),"South 24 Parganas, Suburban Feeder",Kolkata Police Traffic Notification No. TP/47 (Part-B)
BUS_RT_137,E-53,E-53 (Howrah Station),Narit,Howrah Station,21,Suburban Feeder / Truncated,Truncated at Baruipur / Amtala / Taratala Outer Terminal,"Diamond Harbour Road inner stretch, Esplanade, Babughat",Vehicles halted at suburban bus terminals; passengers transferred to Sealdah South Local Trains,15:00 PM - 04:00 AM (Tritiya to Navami),"South 24 Parganas, Suburban Feeder",Kolkata Police Traffic Notification No. TP/47 (Part-B)
BUS_RT_138,Kolkata to Bakkhali,Kolkata to Bakkhali (Bakkhali),Esplanade,Bakkhali,53,Suburban Feeder / Truncated,Truncated at Baruipur / Amtala / Taratala Outer Terminal,"Diamond Harbour Road inner stretch, Esplanade, Babughat",Vehicles halted at suburban bus terminals; passengers transferred to Sealdah South Local Trains,15:00 PM - 04:00 AM (Tritiya to Navami),"South 24 Parganas, Suburban Feeder",Kolkata Police Traffic Notification No. TP/47 (Part-B)
BUS_RT_139,E-1,E-1 (Howrah Station),Jadavpur 8B,Howrah Station,16,Diverted Corridor,Truncated at Prince Anwar Shah Rd / Southern Ave or Diverted via EM Bypass & AJC Bose Flyover,"Rashbehari Crossing, Gariahat Crossing, Hazra More, Deshapriya Park, Kalighat Metro",Rerouted via Prince Anwar Shah Road -> Tollygunge Circular -> AJC Bose Road Flyover / EM Bypass -> Vidyasagar Setu / Hastings,15:00 PM - 04:00 AM (Tritiya to Navami),"South Kolkata, Central, Howrah Feeder",Kolkata Police Traffic Notification No. TP/47 (Part-B)
BUS_RT_140,AC-1,AC-1 (Howrah Station),Jadavpur 8B,Howrah Station,17,Diverted Corridor,Truncated at Prince Anwar Shah Rd / Southern Ave or Diverted via EM Bypass & AJC Bose Flyover,"Rashbehari Crossing, Gariahat Crossing, Hazra More, Deshapriya Park, Kalighat Metro",Rerouted via Prince Anwar Shah Road -> Tollygunge Circular -> AJC Bose Road Flyover / EM Bypass -> Vidyasagar Setu / Hastings,15:00 PM - 04:00 AM (Tritiya to Navami),"South Kolkata, Central, Howrah Feeder",Kolkata Police Traffic Notification No. TP/47 (Part-B)
BUS_RT_141,S-2,S-2 (Howrah Station),Kudghat,Howrah Station,14,Diverted Corridor,Truncated at Prince Anwar Shah Rd / Southern Ave or Diverted via EM Bypass & AJC Bose Flyover,"Rashbehari Crossing, Gariahat Crossing, Hazra More, Deshapriya Park, Kalighat Metro",Rerouted via Prince Anwar Shah Road -> Tollygunge Circular -> AJC Bose Road Flyover / EM Bypass -> Vidyasagar Setu / Hastings,15:00 PM - 04:00 AM (Tritiya to Navami),"South Kolkata, Central, Howrah Feeder",Kolkata Police Traffic Notification No. TP/47 (Part-B)
BUS_RT_142,AC-2,AC-2 (Howrah Station),Barasat Chapadali,Howrah Station,23,Suburban Feeder / Truncated,Truncated at Baruipur / Amtala / Taratala Outer Terminal,"Diamond Harbour Road inner stretch, Esplanade, Babughat",Vehicles halted at suburban bus terminals; passengers transferred to Sealdah South Local Trains,15:00 PM - 04:00 AM (Tritiya to Navami),"South 24 Parganas, Suburban Feeder",Kolkata Police Traffic Notification No. TP/47 (Part-B)
BUS_RT_143,S-2N,S-2N (Nabanna),Kudghat,Nabanna,11,Diverted Corridor,Truncated at Prince Anwar Shah Rd / Southern Ave or Diverted via EM Bypass & AJC Bose Flyover,"Rashbehari Crossing, Gariahat Crossing, Hazra More, Deshapriya Park, Kalighat Metro",Rerouted via Prince Anwar Shah Road -> Tollygunge Circular -> AJC Bose Road Flyover / EM Bypass -> Vidyasagar Setu / Hastings,15:00 PM - 04:00 AM (Tritiya to Navami),"South Kolkata, Central, Howrah Feeder",Kolkata Police Traffic Notification No. TP/47 (Part-B)
BUS_RT_144,S-3A,S-3A (Sealdah),Thakurpukur,Sealdah,23,Diverted & Bypassed,Terminus shifted to Rajabazar Tram Depot or APC Roy Road Outer Channel,"College Street (College Square), Amherst Street, MG Road (Mohammad Ali Park), Surya Sen Street",Bypasses College Street via APC Roy Road -> Sealdah Flyover -> Moulali -> AJC Bose Road,15:00 PM - 04:00 AM (Tritiya to Navami),"Central Kolkata, North-East Feeder",Kolkata Police Traffic Notification No. TP/47 (Part-B)
BUS_RT_145,S-3B,S-3B (Kankurgachi),Behala 14 No,Kankurgachi,20,Diverted & Bypassed,Terminus shifted to Rajabazar Tram Depot or APC Roy Road Outer Channel,"College Street (College Square), Amherst Street, MG Road (Mohammad Ali Park), Surya Sen Street",Bypasses College Street via APC Roy Road -> Sealdah Flyover -> Moulali -> AJC Bose Road,15:00 PM - 04:00 AM (Tritiya to Navami),"Central Kolkata, North-East Feeder",Kolkata Police Traffic Notification No. TP/47 (Part-B)
BUS_RT_146,S-3W,S-3W (Amity University),Thakurpukur,Amity University,38,Rerouted via James Long Sarani,Operates via James Long Sarani bypass corridor,"Behala Chowrasta, Manton, Shilpara",Diverted through James Long Sarani to Taratala,15:00 PM - 04:00 AM (Tritiya to Navami),"South-West Kolkata, Behala",Kolkata Police Traffic Notification No. TP/47 (Part-B)
BUS_RT_147,S-4,S-4 (Karunamoyee),Parnasree,Karunamoyee,29,Rerouted via James Long Sarani,Operates via James Long Sarani bypass corridor,"Behala Chowrasta, Manton, Shilpara",Diverted through James Long Sarani to Taratala,15:00 PM - 04:00 AM (Tritiya to Navami),"South-West Kolkata, Behala",Kolkata Police Traffic Notification No. TP/47 (Part-B)
BUS_RT_148,S-4C,S-4C (Howrah Station),Haridevpur,Howrah Station,15,Diverted Corridor,Truncated at Prince Anwar Shah Rd / Southern Ave or Diverted via EM Bypass & AJC Bose Flyover,"Rashbehari Crossing, Gariahat Crossing, Hazra More, Deshapriya Park, Kalighat Metro",Rerouted via Prince Anwar Shah Road -> Tollygunge Circular -> AJC Bose Road Flyover / EM Bypass -> Vidyasagar Setu / Hastings,15:00 PM - 04:00 AM (Tritiya to Navami),"South Kolkata, Central, Howrah Feeder",Kolkata Police Traffic Notification No. TP/47 (Part-B)
BUS_RT_149,S-4D,S-4D (Newtown),Parnasree,Newtown,27,Rerouted via James Long Sarani,Operates via James Long Sarani bypass corridor,"Behala Chowrasta, Manton, Shilpara",Diverted through James Long Sarani to Taratala,15:00 PM - 04:00 AM (Tritiya to Navami),"South-West Kolkata, Behala",Kolkata Police Traffic Notification No. TP/47 (Part-B)
BUS_RT_150,E-4,E-4 (Howrah Station),Parnasree,Howrah Station,12,Truncated / Diverted,Truncated at Taratala Bus Terminus / Majerhat concourse,"Behala Chowrasta, Manton, Sakher Bazar, Behala 14 No",Traffic strictly diverted via James Long Sarani and Hide Road / Brace Bridge; No through buses on DH Road,15:00 PM - 04:00 AM (Tritiya to Navami),"South-West Kolkata, Behala, Central Feeder",Kolkata Police Traffic Notification No. TP/47 (Part-B)
BUS_RT_151,AC-4,AC-4 (Howrah Station),Parnasree,Howrah Station,15,Truncated / Diverted,Truncated at Taratala Bus Terminus / Majerhat concourse,"Behala Chowrasta, Manton, Sakher Bazar, Behala 14 No",Traffic strictly diverted via James Long Sarani and Hide Road / Brace Bridge; No through buses on DH Road,15:00 PM - 04:00 AM (Tritiya to Navami),"South-West Kolkata, Behala, Central Feeder",Kolkata Police Traffic Notification No. TP/47 (Part-B)
BUS_RT_152,AC-4A,AC-4A (Shapoorji),Parnasree,Shapoorji,31,Rerouted via James Long Sarani,Operates via James Long Sarani bypass corridor,"Behala Chowrasta, Manton, Shilpara",Diverted through James Long Sarani to Taratala,15:00 PM - 04:00 AM (Tritiya to Navami),"South-West Kolkata, Behala",Kolkata Police Traffic Notification No. TP/47 (Part-B)
BUS_RT_153,AC-4B,AC-4B (Newtown),Thakurpukur,Newtown,27,Rerouted via James Long Sarani,Operates via James Long Sarani bypass corridor,"Behala Chowrasta, Manton, Shilpara",Diverted through James Long Sarani to Taratala,15:00 PM - 04:00 AM (Tritiya to Navami),"South-West Kolkata, Behala",Kolkata Police Traffic Notification No. TP/47 (Part-B)
BUS_RT_154,S-5,S-5 (Howrah Station),Garia Bus Stand,Howrah Station,25,Diverted Corridor,Truncated at Prince Anwar Shah Rd / Southern Ave or Diverted via EM Bypass & AJC Bose Flyover,"Rashbehari Crossing, Gariahat Crossing, Hazra More, Deshapriya Park, Kalighat Metro",Rerouted via Prince Anwar Shah Road -> Tollygunge Circular -> AJC Bose Road Flyover / EM Bypass -> Vidyasagar Setu / Hastings,15:00 PM - 04:00 AM (Tritiya to Navami),"South Kolkata, Central, Howrah Feeder",Kolkata Police Traffic Notification No. TP/47 (Part-B)
BUS_RT_155,S-5A,S-5A (Howrah Station),Jadavpur 8B,Howrah Station,15,Diverted Corridor,Truncated at Prince Anwar Shah Rd / Southern Ave or Diverted via EM Bypass & AJC Bose Flyover,"Rashbehari Crossing, Gariahat Crossing, Hazra More, Deshapriya Park, Kalighat Metro",Rerouted via Prince Anwar Shah Road -> Tollygunge Circular -> AJC Bose Road Flyover / EM Bypass -> Vidyasagar Setu / Hastings,15:00 PM - 04:00 AM (Tritiya to Navami),"South Kolkata, Central, Howrah Feeder",Kolkata Police Traffic Notification No. TP/47 (Part-B)
BUS_RT_156,S-5N,S-5N (Nabanna),Garia Bus Stand,Nabanna,21,Diverted Corridor,Truncated at Prince Anwar Shah Rd / Southern Ave or Diverted via EM Bypass & AJC Bose Flyover,"Rashbehari Crossing, Gariahat Crossing, Hazra More, Deshapriya Park, Kalighat Metro",Rerouted via Prince Anwar Shah Road -> Tollygunge Circular -> AJC Bose Road Flyover / EM Bypass -> Vidyasagar Setu / Hastings,15:00 PM - 04:00 AM (Tritiya to Navami),"South Kolkata, Central, Howrah Feeder",Kolkata Police Traffic Notification No. TP/47 (Part-B)
BUS_RT_157,S-5C/N,S-5C/N (Nabanna),Nayabad,Nabanna,21,Diverted Corridor,Truncated at Prince Anwar Shah Rd / Southern Ave or Diverted via EM Bypass & AJC Bose Flyover,"Rashbehari Crossing, Gariahat Crossing, Hazra More, Deshapriya Park, Kalighat Metro",Rerouted via Prince Anwar Shah Road -> Tollygunge Circular -> AJC Bose Road Flyover / EM Bypass -> Vidyasagar Setu / Hastings,15:00 PM - 04:00 AM (Tritiya to Navami),"South Kolkata, Central, Howrah Feeder",Kolkata Police Traffic Notification No. TP/47 (Part-B)
BUS_RT_158,AC-5,AC-5 (Howrah Station),Garia Bus Stand,Howrah Station,25,Diverted Corridor,Truncated at Prince Anwar Shah Rd / Southern Ave or Diverted via EM Bypass & AJC Bose Flyover,"Rashbehari Crossing, Gariahat Crossing, Hazra More, Deshapriya Park, Kalighat Metro",Rerouted via Prince Anwar Shah Road -> Tollygunge Circular -> AJC Bose Road Flyover / EM Bypass -> Vidyasagar Setu / Hastings,15:00 PM - 04:00 AM (Tritiya to Navami),"South Kolkata, Central, Howrah Feeder",Kolkata Police Traffic Notification No. TP/47 (Part-B)
BUS_RT_159,S-7,S-7 (Howrah Station),Garia Bus Stand,Howrah Station,20,Diverted Corridor,Truncated at Prince Anwar Shah Rd / Southern Ave or Diverted via EM Bypass & AJC Bose Flyover,"Rashbehari Crossing, Gariahat Crossing, Hazra More, Deshapriya Park, Kalighat Metro",Rerouted via Prince Anwar Shah Road -> Tollygunge Circular -> AJC Bose Road Flyover / EM Bypass -> Vidyasagar Setu / Hastings,15:00 PM - 04:00 AM (Tritiya to Navami),"South Kolkata, Central, Howrah Feeder",Kolkata Police Traffic Notification No. TP/47 (Part-B)
BUS_RT_160,S-7N,S-7N (Nabanna),Garia Bus Stand,Nabanna,16,Diverted Corridor,Truncated at Prince Anwar Shah Rd / Southern Ave or Diverted via EM Bypass & AJC Bose Flyover,"Rashbehari Crossing, Gariahat Crossing, Hazra More, Deshapriya Park, Kalighat Metro",Rerouted via Prince Anwar Shah Road -> Tollygunge Circular -> AJC Bose Road Flyover / EM Bypass -> Vidyasagar Setu / Hastings,15:00 PM - 04:00 AM (Tritiya to Navami),"South Kolkata, Central, Howrah Feeder",Kolkata Police Traffic Notification No. TP/47 (Part-B)
