Hub_ID,Hub_Name,Hub_Type,Operator,Latitude,Longitude,Connecting_Puja_Zones,Key_Nearby_Pandals,Travel_Tip_for_Pandal_Hoppers
HUB_FERRY_001,Howrah Ghat (Mullick Ghat),Ferry Ghat,Inland Waterways / Hooghly Nadi Jalpath Paribahan,22.5855,88.3475,"Howrah, Central Kolkata",Howrah Maidan; Burrabazar Posta Durgotsav; Ramrajatala,Cross Hooghly river in 7 mins to reach BBD Bag & Burrabazar pandals without Howrah Bridge road jam.
HUB_FERRY_002,Fairlie Place Ghat,Ferry Ghat,Hooghly Nadi Jalpath Paribahan,22.5746,88.3428,"Central Kolkata, BBD Bag",Burrabazar; Lalbazar Sarbojanin; Janbazar; College Square feeder,Direct ferry to Howrah & Dakshineswar; walkable to BBD Bag Circular Railway & Mahakaran Green Line.
HUB_FERRY_003,Chandpal Ghat,Ferry Ghat,Hooghly Nadi Jalpath Paribahan,22.5678,88.3411,"Central Kolkata, Esplanade",Eden Gardens precinct; Babughat festival hub; Esplanade transit zone,Connects to Belur Math directly; 10 min walk to Esplanade Metro multi-line interchange.
HUB_FERRY_004,Baghbazar Ghat,Ferry Ghat,Hooghly Nadi Jalpath Paribahan,22.6033,88.3644,North Kolkata,Baghbazar Sarbojanin; Kumartuli Park; Kumartuli Sarbojanin; Jagat Mukherjee Park,Primary North Kolkata ferry gate; direct boat connection from Howrah Station and Bally.
HUB_FERRY_005,Ahiritola Ghat,Ferry Ghat,Hooghly Nadi Jalpath Paribahan,22.5936,88.3581,North Kolkata,Ahiritola Sarbojanin; Beniatola Sarbojanin; Sovabazar Rajbari; BK Paul Park,Stepping stone to historic heritage sabeki pujas; beats Central Avenue vehicular jams.
HUB_FERRY_006,Sovabazar Ghat,Ferry Ghat,Hooghly Nadi Jalpath Paribahan,22.5989,88.3611,North Kolkata,Sovabazar Rajbari (Baro Taraf & Choto Taraf); Hatibagan Nabin Pally; Kashi Bose Lane,Quick river exit for North Kolkata heritage trail; 10 mins walk to Sovabazar Sutanuti Metro.
HUB_FERRY_007,Belur Math Ghat,Ferry Ghat,Hooghly Nadi Jalpath Paribahan,22.6322,88.3575,"Howrah North, Bally",Belur Math Durga Puja; Bally Barowari; Liluah Sarbojanin,Direct ferry to Chandpal Ghat & Dakshineswar; peaceful river transit between Howrah and Kolkata.
HUB_FERRY_008,Dakshineswar Ghat,Ferry Ghat,Hooghly Nadi Jalpath Paribahan,22.6548,88.3562,North Suburban,Dakshineswar Mandir puja; Ariadaha Sarbojanin; Dunlop Park,Connects riverway directly to Blue Line Metro terminal (Dakshineswar station 350m walk).
HUB_FERRY_009,Millennium Park Ghat,Ferry Ghat,Hooghly Nadi Jalpath Paribahan,22.5769,88.3439,"Central Kolkata, Strand Road",BBD Bag pujas; Lalbazar; Mohammad Ali Park corridor,Scenic promenade pier connecting Howrah Station; ideal entry into central colonial Kolkata.
HUB_FERRY_010,Armenian Ghat,Ferry Ghat,Hooghly Nadi Jalpath Paribahan,22.5806,88.3461,"Central Kolkata, Burrabazar",Burrabazar; Posta Netaji Sporting; Jagannath Ghat area,Direct ferry across from Howrah Railway Station; saves 45+ mins of Howrah Bridge congestion.
HUB_FERRY_011,Outram Ghat (Babughat Pier),Ferry Ghat,Hooghly Nadi Jalpath Paribahan,22.5572,88.3375,"Central & South Kolkata, Maidan",Fort William concourse; Victoria Memorial precinct; Bhawanipore West access,Connects to Botanical Garden & Howrah; adjacent to Eden Gardens Circular Rail station.
HUB_FERRY_012,Botanical Garden Ghat,Ferry Ghat,Hooghly Nadi Jalpath Paribahan,22.5567,88.3244,"Howrah South, Shibpur",B-Garden club pujas; Shibpur Bataitala; Mandirtala pujas,Ferry link between South Howrah (Shibpur) and Kolkata Outram Ghat/Babughat.
HUB_FERRY_013,Garden Reach Ghat (Bichali Ghat),Ferry Ghat,Hooghly Nadi Jalpath Paribahan,22.5458,88.3056,"South West Kolkata, Kidderpore",Garden Reach Sarbojanin; Kidderpore 25 Palli; Metiabruz clubs,Alternative ferry link to Howrah terminal avoiding Taratala/DH Road traffic bottlenecks.
HUB_FERRY_014,Bally Ghat,Ferry Ghat,Hooghly Nadi Jalpath Paribahan,22.6517,88.3619,"Howrah North, Bally",Bally Bazar Sarbojanin; Belur clubs; Ballyhalt pandals,River corridor straight to Baghbazar Ghat; bypasses BT Road festive road diversions.
HUB_CR_001,Dum Dum Circular Railway Station,Circular Railway,Eastern Railway,22.6225,88.3972,"North Kolkata, Dum Dum",Dum Dum Park Tarun Dal; Bharat Chakra; Sreebhumi Sporting,Mega interchange: Sealdah Main Line + Circular Rail + Blue Line Metro.
HUB_CR_002,Patipukur Railway Station,Circular Railway,Eastern Railway,22.6105,88.3912,"North Kolkata, Belgachia",Patipukur Sarbojanin; Lake Town Adhibasibrinda; Bangur Avenue,Quick pedestrian drop-off point near Patipukur rail bridge & South Dumdum border.
HUB_CR_003,Kolkata Chitpur Terminal (KOA),Suburban Terminal & Circular Railway,Eastern Railway,22.6014,88.3752,North Kolkata,Tala Prattoy; Bagbazar Sarbojanin; Shyambazar Pally; Kumartuli Park,Major passenger terminal; 1.1km walk to Belgachia Metro; bypasses Shyambazar 5-point crowd.
HUB_CR_004,Tala Railway Station,Circular Railway,Eastern Railway,22.6025,88.3705,North Kolkata,Tala Prattoy; Tala Barowari; Nilmoni Mitra Row pandals,Closest railway station to Tala Prattoy (under 300m walk).
HUB_CR_005,Bagbazar Railway Station,Circular Railway,Eastern Railway,22.6019,88.3653,North Kolkata,Baghbazar Sarbojanin; Kumartuli Park; Jagat Mukherjee Park,Direct stop right next to Baghbazar Ghat; best access for historic North pujo circuit.
HUB_CR_006,Shobhabazar Ahiritola Railway Station,Circular Railway,Eastern Railway,22.595,88.359,North Kolkata,Ahiritola Sarbojanin; Beniatola; Sovabazar Rajbari; Kumartuli artisans hub,Direct drop into idol-making hub Kumartuli and Ahiritola pandal gates.
HUB_CR_007,Burrabazar Railway Station,Circular Railway,Eastern Railway,22.5815,88.3478,"Central Kolkata, Burrabazar",Posta Netaji Sporting; Burrabazar Sarbojanin; Rabindra Sarani pandals,Runs along Strand Road bank; great for exploring central commercial zone pandals.
HUB_CR_008,BBD Bag Railway Station,Circular Railway,Eastern Railway,22.5735,88.344,"Central Kolkata, Dalhousie",Lalbazar Police HQ Puja; Janbazar; Mahakaran Green Line access,Walking transfer to Mahakaran Metro station (Green Line underwater corridor).
HUB_CR_009,Eden Gardens Railway Station,Circular Railway,Eastern Railway,22.5658,88.3425,"Central Kolkata, Maidan",Babughat immersion gateway; Maidan pavilions; Esplanade carnivals,Adjacent to Babughat bus terminal and Chandpal ferry pier.
HUB_CR_010,Prinsep Ghat Railway Station,Circular Railway,Eastern Railway,22.5562,88.3385,"Central Kolkata, Riverfront",Fort William; Hastings; Vidyasagar Setu approach pujas,Popular heritage riverfront transit node; connect to South Kolkata via Strand Road.
HUB_CR_011,Hastings Railway Station,Circular Railway,Eastern Railway,22.5482,88.3325,Central & South-West,Hastings Sarbojanin; Kidderpore 25 Palli; Alipore Zoo hub,Connects Howrah Bridge approach via Vidyasagar Setu toll concourse.
HUB_CR_012,Khidirpur Railway Station,Circular Railway,Eastern Railway,22.5385,88.3275,South-West Kolkata,Kidderpore 25 Palli; 74 Palli; Fancy Market; Ekbalpur clubs,Gateway to port area pujas; short walk to Diamond Harbour Road.
HUB_CR_013,Remount Road Railway Station,Circular Railway,Eastern Railway,22.5295,88.3245,South-West Kolkata,Kantapukur Sarbojanin; Mominpore; Alipore Judges Court road,Bypasses congested Diamond Harbour Road vehicular traffic.
HUB_CR_014,Majerhat Railway Station,Suburban & Circular Railway,Eastern Railway,22.5185,88.3248,South & South-West,Chetla Agrani; Alipore Sarbojanin; New Alipore Suruchi Sangha,Major interchange with Purple Line Metro; gateway to Chetla Agrani & Suruchi Sangha.
HUB_CR_015,New Alipore Railway Station,Circular & Suburban Railway,Eastern Railway,22.5085,88.3312,"South Kolkata, Behala feeder",Suruchi Sangha; New Alipore Block clubs; Taratala road pujas,Ideal walking drop-off for Suruchi Sangha without getting stuck on Durgapur Bridge.
HUB_CR_016,Tollygunge Circular Railway Station,Circular Railway,Eastern Railway,22.5052,88.3445,South Kolkata,Mudiali Club; Shiv Mandir; Tollygunge Phari clubs,Walking proximity to Rabindra Sarobar & Southern Avenue mega puja circuits.
HUB_CR_017,Lake Gardens Railway Station,Circular & Suburban Railway,Eastern Railway,22.5035,88.3582,South Kolkata,Badamtala Ashar Sangha; 66 Pally; Kalighat Milan Sangha,Rapid pedestrian access to Rashbehari avenue through back alleys.
HUB_CR_018,Ballygunge Junction (Circular & Suburban),Major Suburban & Circular Terminal,Eastern Railway,22.5278,88.3664,South Kolkata,Ekdalia Evergreen; Singhi Park; Ballygunge Cultural; Tridhara Sammilani,Biggest rail gateway into South Kolkata; under 600m walk to Ekdalia Evergreen & Singhi Park.
HUB_SBN_001,Sealdah Railway Station (SDAH),Mega Terminal (North/Main/South),Eastern Railway,22.5672,88.3712,"Central Kolkata, Sealdah",Santosh Mitra Square (Lebutala); Chaltabagan; Jagat Mukherjee Park (feeder),Direct connection to East-West Green Line Metro; 600m to Santosh Mitra Square.
HUB_SBN_002,Howrah Junction (HWH),Mega Terminal (ER & SER),Eastern Railway & South Eastern Railway,22.583,88.3426,Howrah & Central Kolkata feeder,Howrah Maidan pujas; Burrabazar pandals; Mullick Ghat feeder,Interchange with Green Line Metro (underwater tunnel segment); take ferry to beat road jams.
HUB_SBN_003,Bidhannagar Road (BNR / Ultadanga),Suburban Railway Junction,Eastern Railway,22.5888,88.3908,"North & East Kolkata, Salt Lake",Telenga Bagan; Ultadanga Bidhan Sangha; Salt Lake FD/AK/BJ blocks; Sreebhumi (feeder),Suburban gateway to Salt Lake & Ultadanga; heavy auto & bus connectivity to VIP Road.
HUB_SBN_004,Jadavpur Railway Station (JDP),Suburban Railway (Sealdah South),Eastern Railway,22.4965,88.3716,"South Kolkata, Jadavpur",Jadavpur 8B pujas; Selimpur Pally; Jodhpur Park; Babubagan Sarbojanin,Terminal for South 24 Parganas suburban devotees; connects directly to Jodhpur Park & Babubagan.
HUB_SBN_005,Dhakuria Railway Station (DHK),Suburban Railway (Sealdah South),Eastern Railway,22.5112,88.3688,"South Kolkata, Gariahat feeder",Babubagan Sarbojanin; Selimpur; Gariahat Hindusthan Park; Tridhara,Walking distance to Dhakuria lake bridge and Southern Avenue pandal circuit.
HUB_SBN_006,Garia Railway Station,Suburban Railway (Sealdah South),Eastern Railway,22.4642,88.3845,"South Kolkata, Garia",Garia Naktala Udayan Sangha; Baishnabghata Patuli; Hiland Park,Interchange with Kavi Subhash Blue Line & Orange Line Metro within 800m.
HUB_SBN_007,Santragachi Junction (SRC),Suburban & Mainline Terminal (SER),South Eastern Railway,22.5788,88.2815,Howrah & West Bengal Outer,Santragachi club pujas; Kona expressway festival feeders,Main terminal for South Eastern commuters; connects to Vidyasagar Setu (Second Hooghly Bridge).
